,No.,社名,担当者名,メール,事業内容,FactLinkウェブサイト,住所
j,306,ファー イースト アジア エンジニアリング,担当者,engineering-admin@fea.com.vn,産業用機械およびM&E装置の設計・製作・据付、防音パネル・発電機防音天蓋の製造,https://www.fact-link.com.vn/mem_profile.php?id=00000658&page=00000756&lang=jp,会社名
j,308,ヤマトプロテック 有限責任会社,担当者,y-ko@yamatoprotec.co.jp,ベトナムにおける消火器、工作機械用自動消火システムの総合防災メーカー,https://www.fact-link.com.vn/mem_profile.php?id=00000663&page=00000762&lang=jp,会社名
j,311,TSUCHIYA ベトナムコーポレーション,川田,kawada-yu@tsuchiya-corp.com,総合建設業（土木工事、建築工事、コンサルティング）,https://www.fact-link.com.vn/mem_profile.php?id=00000671&page=00000777&lang=jp,会社名
j,320,プロニクスベトナム,小松,komatsu@pronicslongan.com,精密プラスチック金型の設計・製作、成型から検査測定まで一貫生産,https://www.fact-link.com.vn/mem_profile.php?id=00000752&page=00000873&lang=jp,会社名
j,321,ファン・ビン精密機械加工 株式会社,担当者,ckphanvinh@yahoo.com,CNCによる精密機械部品加工、機械装置・治具の製作,https://www.fact-link.com.vn/mem_profile.php?id=00000763&page=00000881&lang=jp,会社名
j,348,有限会社ファン・シン（Phan Sinh）? SEP,担当者,ctyphansinh@yahoo.ca,日本の基準により金属表面処理及び鍍金加工,https://www.fact-link.com.vn/mem_profile.php?id=00000809&page=00001047&lang=jp,会社名
j,349,NAITO ベトナム,務台,m_mutai@naito.vn,機械工具、産業機器、工作機械、測定機器の専門商社,https://www.fact-link.com.vn/mem_profile.php?id=00000819&page=00000947&lang=jp,会社名
j,350,システムエグゼ　ベトナム,担当者,exevn_sales@system-exe.com.vn,中堅・中小企業様のはじめてのシステム導入は「エグゼクス」から,https://www.fact-link.com.vn/mem_profile.php?id=00000825&page=00000959&lang=jp,会社名
j,352,"Nhi Binh Plastic Co., Ltd",担当者,sales@nibiplastic.com,エンジニアリングプラスチックから汎用プラスチック製品まで、多種多様な成形品を生産します。,https://www.fact-link.com.vn/mem_profile.php?id=00000827&page=00000980&lang=jp,会社名
j,353,大晃ベトナム株式会社,担当者,info@daiko-vn.com,ベトナムで工場設備の自動化（FA）、省人化システムのことなら,https://www.fact-link.com.vn/mem_profile.php?id=00000832&page=00000979&lang=jp,会社名
j,354,山九ベトナム有限責任会社,担当者,contactvn@sankyuvn.com,物流・機工・メンテナンス,https://www.fact-link.com.vn/mem_profile.php?id=00000836&page=00000981&lang=jp,会社名
j,355,キーエンス ベトナム,担当者,info@keyence.com.vn,キーエンスは東南アジアでも直販！即納！日本人常駐！,https://www.fact-link.com.vn/mem_profile.php?id=00000846&page=00000991&lang=jp,会社名
j,356,コウエイ ベトナム,担当者,vn@koei-ltd.co.jp,プラスチックパレット、ウッドプラスチックデッキ（建築資材）、中古機械、リサイクル材料,https://www.fact-link.com.vn/mem_profile.php?id=00000847&page=00001072&lang=jp,会社名
j,357,株式会社 岩崎電機製作所ベトナム,本井,s-motoi@iwasakidenki.co.jp,日本と同等の高品質かつ低コストなハーネスをご提供いたします。,https://www.fact-link.com.vn/mem_profile.php?id=00000863&page=00001046&lang=jp,会社名
j,359,"Kirby South East Asia Co.,Ltd.",担当者,nhauyen.nguyen@kirby.vn,鋼の加工から建物の設計・建築までトータルに行う鉄骨建築物メーカー,https://www.fact-link.com.vn/mem_profile.php?id=00000877&page=00001070&lang=jp,会社名
j,360,武芸川精工ベトナム,吉川,yoshikawa@mugegawaseiko.co.jp,ステンレスやアルミ等の精密部品の加工・組立、切削加工、プラスチック成形なら確かなJAPANクオリティの武芸川ベトナムにお任せ下さい！,https://www.fact-link.com.vn/mem_profile.php?id=00000879&page=00001073&lang=jp,会社名
j,362,サンズ プレシジョン,長崎,n.ryota1221@gmail.com,大物製品から小物製品、溶接組立何でもOK！,https://www.fact-link.com.vn/mem_profile.php?id=00000898&page=00001096&lang=jp,会社名
j,363,オオトリ・エレクトロニクス・ベトナム,榎本,ta-enomoto@ohtori.com.vn,当社は、本社日本を始め、グループ内の香港、シンガポール、タイ、上海、台湾、マレーシアから電子部品を集めベトナム国内のユーザー様に幅広いサービスを提供しております。,https://www.fact-link.com.vn/mem_profile.php?id=00000899&page=00001097&lang=jp,会社名
j,364,Viet Nhuan有限会社,担当者,viethoangoanh@yahoo.com.vn,すべての材料上でご注文への印刷の分野で操作する。,https://www.fact-link.com.vn/mem_profile.php?id=00000900&page=00001108&lang=jp,会社名
j,365,Dan Dat 有限会社,担当者,sales@dandatflex.vn,すべての種類のコネクタ及びステンレス鋼フレキシブルな金属ホース販売、製造,https://www.fact-link.com.vn/mem_profile.php?id=00000901&page=00001126&lang=jp,会社名
j,367,久門ベトナム株式会社,担当者,sales@hisakadovn.com,バルブ､継手、パイプ､配管機器、資材等の販売,https://www.fact-link.com.vn/mem_profile.php?id=00000926&page=00001180&lang=jp,会社名
j,368,IDEAテクノロジー コーポレーション株式会社（ローカル企業）,担当者,anh.nt@ideagroupvn.com,機械設計製図受託請負、精密機械加工、自動化装置（FA）・生産設備製作受託,https://www.fact-link.com.vn/mem_profile.php?id=00000927&page=00001178&lang=jp,会社名
j,369,IBCオフィス,担当者,support@ibcoffice.com.vn,バーチャルオフィス、レンタルオフィス,https://www.fact-link.com.vn/mem_profile.php?id=00000931&page=00002105&lang=jp,会社名
j,371,"TOWA Industrial (VIETNAM) Co.,Ltd.",担当者,vntowa@hcm.fpt.vn,精密部品・自動車部品、油圧部部品,https://www.fact-link.com.vn/mem_profile.php?id=00000934&page=00001191&lang=jp,会社名
j,372,NACHI-FUJIKOSHI CORP. (ナチ不二越),高崎,takasaki@nachi.com.sg,マシニング、ロボット、機能部品、材料の輸入販売,https://www.fact-link.com.vn/mem_profile.php?id=00000940&page=00001195&lang=jp,会社名
j,375,シブサワ　ロジスティクス　（ベトナム）有限会社,大浦,oura-kazuki@shibusawa.com.vn,輸出入フォワーディング業務、通関業務、ベトナム国内の物流業務,https://www.fact-link.com.vn/mem_profile.php?id=00000954&page=00001230&lang=jp,会社名
j,379,国際ランドベトナム,担当者,info@kl-vn.com,コンストラクションマネジメント、プロパティマネジメント、海外進出支援コンサルティング,https://www.fact-link.com.vn/mem_profile.php?id=00000963&page=00001239&lang=jp,会社名
j,380,株式会社  イシセイ  ベトナム,担当者,mkt.sgur01@ishisei.co.jp,超精密微細加工、超精密複雑形状加工、超精密機械部品加工。　治具・治工具設計製作もお任せください。,https://www.fact-link.com.vn/mem_profile.php?id=00000968&page=00001245&lang=jp,会社名
j,381,アサダベトナム株式会社,担当者,phuc@asadavietnam.vn,配管機械・工具に関わるアサダのトップ製品,https://www.fact-link.com.vn/mem_profile.php?id=00000971&page=00001255&lang=jp,会社名
j,384,株式会社 菱光社ベトナム,谷津,yazuk@ryokosha.co.jp,創業70年以上の歴史を持つ、測定機器・検査機器・分析機器・試験機全般の精密機器総合商社！,https://www.fact-link.com.vn/mem_profile.php?id=00000984&page=00001267&lang=jp,会社名
j,387,ハスベトナム,担当者,info@hasuvn.com,日越企業の架け橋となり、自国に貢献できるようサポートします。,https://www.fact-link.com.vn/mem_profile.php?id=00001004&page=00001291&lang=jp,会社名
j,389,此花ベトナム株式会社,HIRAI,hirai@konohana.co.jp,紙袋、手提げ袋、角底袋、ショッピングバック、不織布バックの製造・販売,https://www.fact-link.com.vn/mem_profile.php?id=00001014&page=00001311&lang=jp,会社名
j,391b,三栄製作所ベトナム支社,和田,jzm00014@nifty.com,汎用旋盤・フライス盤を中心とした機械部品加工で、単品・小ロットを得意としております。,,
j,392,トゥアン・フォン電気エンジニア 株式会社,担当者,tuanphuongcpcd@gmail.com,鉄製品加工、プラズマ切断加工、亜鉛めっき処理、低・中格子電圧用電気設備生産,https://www.fact-link.com.vn/mem_profile.php?id=00001027&page=00001331&lang=jp,会社名
j,394,MHT ベトナム 株式会社,担当者,hovanhao@yahoo.com,マシニング加工、ＮＣ旋盤加工、研磨加工、表面処理、熱処理まで,https://www.fact-link.com.vn/mem_profile.php?id=00001036&page=00001342&lang=jp,会社名
j,395,ビンファット･プロダクション・トレーディング,担当者,sales@vinhphatvn.com.vn,金型設計・製作、修理･メンテナンス、プラスチック成形,https://www.fact-link.com.vn/mem_profile.php?id=00001037&page=00001348&lang=jp,会社名
j,396,株式会社グミ ベトナム,担当者,contact@gumiviet.com,ベトナムに貴社の専属チームを持つという選択肢！！ ラボ型契約“グミラボ”で戦略的開発を,https://www.fact-link.com.vn/mem_profile.php?id=00001038&page=00001352&lang=jp,会社名
j,33,名南（ベトナム）,担当者,admvn@meinan-ss.co.jp,精密部品メーカーの使命を果たす専門技術集団,https://www.fact-link.com.vn/mem_profile.php?id=00000067&page=00000138&lang=jp,会社名
j,34,矢崎EDSベトナム,担当者,yev.adm5@yev.vn,自動車用ワイヤーハーネスの製造・販売,https://www.fact-link.com.vn/mem_profile.php?id=00000068&page=00000139&lang=jp,会社名
j,39,ウイスマ エンジニアリング（ベトナム）,担当者,ohiram@wismaint.co.jp,プレスの修理と点検及び、改造、オーバーホール,https://www.fact-link.com.vn/mem_profile.php?id=00000079&page=00000150&lang=jp,会社名
j,40,日本電産トーソク・ベトナム株式会社,担当者,ntvc@nidec.co.jp,自動車部品製造・輸出,https://www.fact-link.com.vn/mem_profile.php?id=00000080&page=00000151&lang=jp,会社名
j,41,"Net Viet Technical Trading & Services Co.,Ltd.",担当者,info@netviet.vn,製造、加工及び金型の設計を専門としています。,https://www.fact-link.com.vn/mem_profile.php?id=00000083&page=00000154&lang=jp,会社名
j,42,テツゲン ベトナム,担当者,tamura@tetsugen.co.jp,水処理薬品・機器製造販売事業,https://www.fact-link.com.vn/mem_profile.php?id=00000093&page=00000165&lang=jp,会社名
j,62,ニャット・ニャン合板　有限会社,担当者,nhatnam@vanepnhatnam.com,ベトナムトップの成形合板、曲げ合板サプライヤー,https://www.fact-link.com.vn/mem_profile.php?id=00000133&page=00000207&lang=jp,会社名
j,65,サパ・ベン・タン・アルミニウムプロファイル (Sapa BTG),担当者,sapabtg@sapagroup.com,ベトナムで最も上質なアルミニウムをご提供いたします。,https://www.fact-link.com.vn/mem_profile.php?id=00000141&page=00000215&lang=jp,会社名
j,66,アドバネクス（ベトナム）,担当者,soichi_tsurusawa@advanex.co.jp,アドバネクスは、「ばね」を始めとする精密金属加工のメーカーです。「ばね」だけではなく、様々な形状・機能の金属加工製品を製造しています。,https://www.fact-link.com.vn/mem_profile.php?id=00000142&page=00000216&lang=jp,会社名
j,70,ルネサスデザインベトナム,担当者,renesas@rvc.renesas.com,各種半導体に関する研究・開発、設計、製造、販売およびサービス,https://www.fact-link.com.vn/mem_profile.php?id=00000158&page=00000231&lang=jp,会社名
j,71,ベトナムテンパール工業有限責任会社,毎熊,maiguma@tempearl.vn,配線用遮断器、漏電遮断器の製造・販売,https://www.fact-link.com.vn/mem_profile.php?id=00000161&page=00000234&lang=jp,会社名
j,77,大榮産業株式会社,担当者,kiwata-wfc@hcm.vnn.vn,アルコール製造、白酒その他の酒類、調味料製造及びベトナム製品の輸出,https://www.fact-link.com.vn/mem_profile.php?id=00000176&page=00000249&lang=jp,会社名
j,81,アスザックフーズ,担当者,office@asuzacfoods.com.vn,お客様へ期待以上の価値をご提供いたします！,https://www.fact-link.com.vn/mem_profile.php?id=00000183&page=00000257&lang=jp,会社名
j,88,ハーモ ベトナム,担当者,harmo@vnn.vn,産業用ロボット（射出成形品自動取出装置）プラスチック成形機周辺合理化機器,https://www.fact-link.com.vn/mem_profile.php?id=00000203&page=00000277&lang=jp,会社名
j,89,JSWプラスチックス マシナリー ベトナム,担当者,SalesGroup_Vietnam@jsw.com.sg,日本製鋼所製のプラスチック射出成形機の販売及びメンテナンス,https://www.fact-link.com.vn/mem_profile.php?id=00000205&page=00000279&lang=jp,会社名
j,90,マタイ（ベトナム）,大久保,okubo@matai.com.vn,コンテナバッグ、保冷カバー、大型カバー、大型フィルムカバー等の製造販売,https://www.fact-link.com.vn/mem_profile.php?id=00000207&page=00000281&lang=jp,会社名
j,104,ワンダフル・サイゴン・ガーメント,担当者,wonderful-sg@hcm.vnn.vn,各種ユニフォームの生産（繊維製品のベトナム生産拠点）,https://www.fact-link.com.vn/mem_profile.php?id=00000244&page=00000318&lang=jp,会社名
j,108,リズムベトナム（サイゴン）,萩原,hagiwara@rhythmsg.com.vn,金属プレス部品（端子、積層コア、絞りケース、ブラケット、板バネ）、金属プレス金型、インサート成形品、巻線コイル（ソレノイドコイル）、メッキ（バレル、フープ）,https://www.fact-link.com.vn/mem_profile.php?id=00000255&page=00000328&lang=jp,会社名
j,110,エムテックスベトナム,担当者,mvcstaff@mvc.mtex.co.jp,自動車精密部品の製造      半導体デバイスの後工程製造,https://www.fact-link.com.vn/mem_profile.php?id=00000258&page=00000333&lang=jp,会社名
j,114,三陽製作所ベトナム,担当者,n-takahashi@ssvn.com.vn,コントロールバルブ部品、及びAT/Mの配線盤構成部品の製造、並びに販売等,https://www.fact-link.com.vn/mem_profile.php?id=00000265&page=00000339&lang=jp,会社名
j,118,ASTI ELECTRONICS CORPORATION,担当者,nq-nhat@asti.com.vn,二輪車・四輪車用ワイヤーハーネス、電子制御基板の実装～組立,https://www.fact-link.com.vn/mem_profile.php?id=00000288&page=00000362&lang=jp,会社名
j,122,ビナモールド＆メタルプロダクツ,安江,h.yasue@hondalex.co.jp,押出し形材用金型・プレス加工金型製造、熱処理業務,https://www.fact-link.com.vn/mem_profile.php?id=00000310&page=00000384&lang=jp,会社名
j,123,第一実業ベトナム,前川,takahiro.maekawa@djk.co.jp,産業用各種機械器具の販売,https://www.fact-link.com.vn/mem_profile.php?id=00000313&page=00000387&lang=jp,会社名
j,124,富士インパルスベトナム 株式会社,担当者,h.k.khoa@fujimpulsevietnam.com,小型卓上包装機械（インパルスシーラー）およびそれらの部品の製造・販売,https://www.fact-link.com.vn/mem_profile.php?id=00000315&page=00000389&lang=jp,会社名
j,130,日立プラントテクノロジー（ベトナム）,担当者,quyen.pham.va@hitachi.com,社会インフラ・環境システムのトータルソリューション,https://www.fact-link.com.vn/mem_profile.php?id=00000327&page=00000402&lang=jp,会社名
j,132,新菱ベトナムコーポレーション,担当者,svn@shinryovn.com,建設業：建設設備（空調、給排水衛生、消火、電機設備）の設計・施工・メンテナンスに至る 総合的なシステムエンジニアリング,https://www.fact-link.com.vn/mem_profile.php?id=00000329&page=00000404&lang=jp,会社名
j,133,大気社ベトナム・エンジニアリング,担当者,tvemktg@taikisha-vn.com,ビル 空調、産業空調、塗装プラントのエンジニアリング,https://www.fact-link.com.vn/mem_profile.php?id=00000330&page=00000406&lang=jp,会社名
j,136,ファースト化工ベトナム,小島,kojimashu@first.gr.jp,シーリング、防水コンサルタント業務・シーリング、防水、止水工事業務,https://www.fact-link.com.vn/mem_profile.php?id=00000336&page=00000410&lang=jp,会社名
j,137,フジナミ・コンストラクション・コンサルタント,担当者,fujinamivn@hcm.fpt.vn,都市開発、土木建設、産業プロジェクト、エンジニアリング設計,https://www.fact-link.com.vn/mem_profile.php?id=00000337&page=00000412&lang=en,Company Name
j,139,フッケン･ミナミ コンサルタント,担当者,consultant@fmcvietnam.net,地盤調査、電気機械設備の設計・施工や環境調査などを主に行っております。,https://www.fact-link.com.vn/mem_profile.php?id=00000339&page=00000414&lang=en,Company Name
j,143,マエダベトナム有限会社,戸田,k_toda@maedavietnam.com.vn,総合建設業,https://www.fact-link.com.vn/mem_profile.php?id=00000350&page=00000425&lang=jp,会社名
j,147,サンヨウエンジニアリング&コンストラクション ベトナム,担当者,sechn@secvn.com,総合設備エンジニアリング業務,https://www.fact-link.com.vn/mem_profile.php?id=00000362&page=00000437&lang=jp,会社名
j,148,辰星ベトナム・エンジニアリング,担当者,info@shinseivn.com,プラントエンジニアリング事業,https://www.fact-link.com.vn/mem_profile.php?id=00000363&page=00000438&lang=en,Company Name
j,152,ベトナム戸田建設（有）,担当者,hirota@toda.com.vn,総合建設業,https://www.fact-link.com.vn/mem_profile.php?id=00000374&page=00000448&lang=jp,会社名
j,153,CBS ベトナム,担当者,tuvanthietke@cbs-vietnam.com,CADによる建設設計及び機械設計、建築専門学校運営（ホーチミン工科大学と共同）,https://www.fact-link.com.vn/mem_profile.php?id=00000375&page=00000450&lang=jp,会社名
j,155,テノックス九州 ベトナム,担当者,vtnx_minami@hcm.fpt.vn,基礎工事（地盤改良工事・PHC杭鋼管杭の中堀工法）の施工、各種基礎の設計及びコンサルタント業務,https://www.fact-link.com.vn/mem_profile.php?id=00000378&page=00000452&lang=jp,会社名
j,161,富士シティオ,担当者,fujisitio-vn@vnn.vn,食料品・水産製品・衣料品・木製品等の仕入れ業務,https://www.fact-link.com.vn/mem_profile.php?id=00000393&page=00000467&lang=jp,会社名
j,166,ベトナムJFE商事会社,担当者,h.takaki@hcm.vnn.vn,世界有数の鉄鋼メーカーであるJFEスチールをはじめとするJFEグループの中核商社,https://www.fact-link.com.vn/mem_profile.php?id=00000407&page=00000481&lang=jp,会社名
j,174,タン ルアン 株式会社,担当者,thanhluanco@vnn.vn,ベトナムで、電気めっき - 金属表面処理 - ダクロメット処理ならお任せください。,https://www.fact-link.com.vn/mem_profile.php?id=00000427&page=00000502&lang=jp,会社名
j,196,SAI GON VRG,担当者,info@saigonvrg.com.vn,ドンナム工業団地（タンソンニャット空港まで60分）,https://www.fact-link.com.vn/mem_profile.php?id=00000498&page=00000574&lang=jp,会社名
j,200,Saigon Sky Garden,担当者,sales@saigonskygarden.com.vn,,https://www.fact-link.com.vn/mem_profile.php?id=00000527&page=00000602&lang=jp,会社名
j,2,ケーティーシー ベトナム 株式会社　KTC (VIETNAM),,ktc-001@ktc-vn.vn,精密ゴム成形、自動車用ゴム部品、オートバイ用ゴム部品、OAゴムローラ、携帯電話用ゴム部品、B練り製造,https://www.fact-link.com.vn/mem_profile.php?id=00000116&page=00000189&lang=jp,会社名
j,3,永大化工ベトナム,,kakisaka-t@eidaikako.co.jp,合成樹脂異型押出成形加工の専門メーカー！自動車部品（フロアーマット）・プラスチック製品の製造,https://www.fact-link.com.vn/mem_profile.php?id=00000201&page=00000276&lang=jp,会社名
j,4,株式会社　アキバコーティング ＆ テクノロジー ベトナム,,yagyu@actv.com.vn,金属表面処理めっき加工、絶縁専門電着塗装,https://www.fact-link.com.vn/mem_profile.php?id=00000295&page=00000369&lang=jp,会社名
j,5,SG 佐川ベトナム有限会社,,contact@sgh-global.com,国内・国際引越し・国内輸送事業、倉庫業、フォワーディング事業、通関業、貨物検定業,https://www.fact-link.com.vn/mem_profile.php?id=00000823&page=00000958&lang=jp,会社名
j,6,サトーベトナムソリューションズ,,mai.tanaka@sato-global.com,ベトナムでRFID技術、バーコード、ラベル、アプリケーションソリューションのことならサトーベトナムソリューションズへ,https://www.fact-link.com.vn/mem_profile.php?id=00000858&page=00001029&lang=jp,会社名
j,7,オリスター株式会社,,info@oristar.vn,ベトナムにおける非鉄金属業界のリーディングサプライヤー,https://www.fact-link.com.vn/mem_profile.php?id=00001107&page=00001476&lang=jp,会社名
j,8,五十鈴テック ベトナム,,nguyen-luan@isuzutec.com.vn,ＦＡテクノロジーの可能性に挑戦 ・自動化ニーズの最適化をめざして。各種産業用装置の企画（構想）～設計～製作～調整まで）,https://www.fact-link.com.vn/mem_profile.php?id=00001221&page=00001715&lang=jp,会社名
j,9,QUANG NGHI SERVICE AND TRADING-PRODUCT COMPANY LIMITED,,nhihuynh@quangnghivn.com,乾燥剤（シリカゲル）、防湿パッケージの製造と販売。製品、工場、出荷などに対する効果的なカビ防止ソリューションのコンサルティングと提供,https://www.fact-link.com.vn/mem_profile.php?id=00001975&page=00002693&lang=jp,会社名
j,10,タイコー ベトナム,,takanoriimai79@taicovn.com.vn,金属加工（板金、切削、鋳造、ロスト、ダイカスト、押出、線材加工、溶接、表面処理 等） 樹脂加工（射出成形、ゴム成形、ウレタン成形、ブロー・真空成形 等） アッセンブリー,https://www.fact-link.com.vn/mem_profile.php?id=00002045&page=00002769&lang=jp,会社名
j,11,ジーケー・ファインケム ベトナム,,kuroki@gkfvn.com,化学品（試薬・高純度薬品・工業用基礎薬品・工業用溶剤）の輸入販売,https://www.fact-link.com.vn/mem_profile.php?id=00002487&page=00003184&lang=jp,会社名
j,13,ツバサ ペイント,,info@tsubasa-paint.com,製造業向け溶剤塗料をベトナム国内で生産する塗料メーカーです。工業分野（金属・プラスチック）、建築分野（鉄骨・床）,https://www.fact-link.com.vn/mem_profile.php?id=00051625&page=00005185&lang=jp,会社名
j,14,東京鋲兼（ベトナム）,,n.yano@byokane.com.vn,ネジ・締結部品、合成樹脂製品、スプリング部品、バネ部品の製造販売・輸入加工販売,https://www.fact-link.com.vn/mem_profile.php?id=00001100&page=00001470&lang=jp,会社名
j,15,Hamasho Corporation (Vietnam) Ltd.,,wataru.kawarai@hamasho.com.vn,YAMAHAロボット、Dobotロボットのベトナム正規代理店。自動化のトータルソリューションはお任せください。,https://www.fact-link.com.vn/mem_profile.php?id=00056351&page=00006357&lang=jp,会社名
j,16,西東京ケミックスベトナム,,n.thao@nishi-tokyo.co.jp,化学品専門商社。ベトナムに危険物保管可能な保税物倉庫を保有。,https://www.fact-link.com.vn/mem_profile.php?id=00056417&page=00006401&lang=jp,会社名
j,17,カイメタル アジア,,futa@kotobukisangyo.co.jp,お客様にとって小回りの利く《精密板金加工メーカー》！　レーザー加工、精密板金、筐体設計、板金設計、粉体塗装、シルク印刷,https://www.fact-link.com.vn/mem_profile.php?id=00000988&page=00001270&lang=jp,会社名
j,18,TPR ベトナム,,makoto.yokouchi@tpr-global.com,エンジン部品、FA機器部品、電装部品、樹脂部品の製造。 ゴム製品加工、樹脂成形加工,https://www.fact-link.com.vn/mem_profile.php?id=00000875&page=00001068&lang=jp,会社名
j,19,三位化学株式会社,,sanmi@msc.biglobe.ne.jp,エンプラ成形（特にガラス繊維樹脂）、複合材料成形、小ロット成形、プラスチック製品・ゴム製品・鉄製品　何でも！ご相談ください 。,https://www.fact-link.com.vn/mem_profile.php?id=00001055&page=00001402&lang=jp,会社名
j,20,"NBV (Vietnam) Co.,Ltd.",,k-hatanaka@nbv-vietnam.com,鉄、アルミ、ステンレス材の板金・プレス加工、溶接、パイプ加工および組立,https://www.fact-link.com.vn/mem_profile.php?id=00001560&page=00002165&lang=jp,会社名
j,21,エイチフィールド ベトナム,,shingo.h@hamada-y.co.jp,商品パッケージメーカー。軟包材の製造、及びパッケージデザイン企画から製造・販売。紙箱・ラベル・不織布バッグ・プラスチックケース・保冷剤等。,https://www.fact-link.com.vn/mem_profile.php?id=00043527&page=00003734&lang=jp,会社名
j,22,D.I.D ベトナム（大同工業グループ）,,didvietnam2023@gmail.com,バイク用・自動車用タイミングチェーン (カムチェーン)、バイク用ドライブローラチェーン、産業用ローラチェーン,https://www.fact-link.com.vn/mem_profile.php?id=00056051&page=00006155&lang=jp,会社名
j,23,ジャパン・プラス ベトナム,,japanplusvn@gmail.com,プラスチック真空成型品の設計・製造・販売。包装資材、プラスチックトレイ、パッケージ、ブリスターパック、梱包資材、規格トレイ、オーダートレイ、フィルム緩衝材。PETシートの製造・販売。,https://www.fact-link.com.vn/mem_profile.php?id=00000925&page=00002040&lang=jp,会社名
j,24,Tokoseiki ベトナム,,xuanbui@tokoseiki.vn,顧客に共に歩み、金型設計から完成品まで最適化します。,https://www.fact-link.com.vn/mem_profile.php?id=00054821&page=00005431&lang=jp,会社名
j,25,SAIGON TRAPACO（サイゴン チャパコ）,,trapaco@saigontrapaco.com.vn,軟包装資材の製造・販売（印刷、ラミネート加工、スリット、製袋） 、包装原材料の仕入販売,https://www.fact-link.com.vn/mem_profile.php?id=00000006&page=00000002&lang=jp,会社名
j,26,北陸マシナリークラブ株式会社(HMC),,ando@h-techno.com,アルミ溶解炉・保持炉・熱処理炉・加熱炉・乾燥機の製作・販売・修理、集塵機等の周辺機器設備の販売,https://www.fact-link.com.vn/mem_profile.php?id=00050699&page=00004924&lang=jp,会社名
j,27,キワ インダストリー,,hung@kiwa-industry.com,機械加工（マシニング、NCフライス、NC旋盤、ワイヤーカット、研磨、ギア）、設備設計製作（専用機製作、設計事業）メッキ（アルマイト処理、電解・無電解ニッケメッキ、黒染め）,https://www.fact-link.com.vn/mem_profile.php?id=00000808&page=00000935&lang=jp,会社名
j,28,マルセエンジニアリング（ベトナム）株式会社,,y_kubo@maruse-k.com,ベトナム国内でミウラのボイラの販売・メンテナンス・アフターサービスを提供致します。,https://www.fact-link.com.vn/mem_profile.php?id=00051631&page=00005188&lang=jp,会社名
j,29,JUKIベトナム（株）,,yuuto.fukasawa@juki.com,精密鋳造（ロストワックス）・機械加工・熱処理・表面処理・組み立て・検査とモノづくりのワンストップ企業,https://www.fact-link.com.vn/mem_profile.php?id=00051642&page=00005202&lang=jp,会社名
j,30,シーベスト 株式会社,,admin@seebest.vn,精密部品加工のエキスパート?医療機器部品、自動車部品、検査治工具,https://www.fact-link.com.vn/mem_profile.php?id=00001018&page=00001323&lang=jp,会社名
j,31,レーザーテクノロジー株式会社（LASER TECHNOLOGY.JSC）,,h-chuong@lasertech-vn.com,精密板金加工とパイプ加工のスペシャリスト,https://www.fact-link.com.vn/mem_profile.php?id=00056172&page=00006282&lang=jp,会社名
j,32,"YASHIMA NBV CO., Ltd.",,s-furuka@yashima-vn.com,鉄・ステンレス板の板金・製缶加工及び組み立て・塗装。プルボックス、ダクト、ラック、アルミ加工,https://www.fact-link.com.vn/mem_profile.php?id=00054813&page=00005458&lang=jp,会社名
j,401,ナガセベトナム,,Maint@nagase.com.vn,化学品、合成樹脂、電子材料、化粧品、健康食品等の輸出・輸入及び国内販売,https://www.fact-link.com.vn/mem_profile.php?id=00001067&page=00001417&lang=jp,会社名
j,402,ヒップ フック タン 株式会社,,cuong.tong@pte.vn,金属・樹脂めっき｜プラスチック射出成形｜プラスチック塗装,https://www.fact-link.com.vn/mem_profile.php?id=00001070&page=00001423&lang=jp,会社名
j,404,TP プレシジョン 株式会社,,info@tpprecision.com,スイス型自動旋盤およびCNC加工による超精密機械部品の製造,https://www.fact-link.com.vn/mem_profile.php?id=00001085&page=00001442&lang=jp,会社名
j,405,桜テクノロジー プラスチック　株式会社,,danh.nguyen@sakuraplastic.com,クリーンルーム内でプラスチック射出成形・検査を行っております！,https://www.fact-link.com.vn/mem_profile.php?id=00001086&page=00001439&lang=jp,会社名
j,406,ベトナム水都（スイト）株式会社,,suitovn@gmail.com,環境、水処理の設備、装置の計画、販売、施行、管理、メンテナンス、水都工業の代理店,https://www.fact-link.com.vn/mem_profile.php?id=00001096&page=00001462&lang=jp,会社名
j,409,QTC テクノロジー,,qtc@qtctech.com.vn,板金加工におけるリーディングカンパニー！,https://www.fact-link.com.vn/mem_profile.php?id=00001113&page=00001519&lang=jp,会社名
j,410,ニャット ロング メカニカル エンジニアリング 株式会社,,cokhi@nhatlong.com.vn,最新設備を導入し、機械設備部品・スペアパーツの製造を得意としております！,https://www.fact-link.com.vn/mem_profile.php?id=00001114&page=00001527&lang=jp,会社名
j,411,"Visin Heater Co.,Ltd",,dientrovietsinh@gmail.com,あらゆる産業用抵抗加熱ヒーターを製造しております。,https://www.fact-link.com.vn/mem_profile.php?id=00001118&page=00001533&lang=jp,会社名
j,413,ビナビット ファステナー 株式会社,,sales@vinavit.com,締結部品の製造・販売（ボルト、スクリュー、ナット等）,https://www.fact-link.com.vn/mem_profile.php?id=00001127&page=00001557&lang=jp,会社名
j,414,伊昭ベトナム株式会社,,kira@ishovn.com,1個から板金加工製品をご提供させて頂いております。,https://www.fact-link.com.vn/mem_profile.php?id=00001129&page=00001559&lang=jp,会社名
j,416,PAB テクノロジー,,linh@pabcnc.com.vn,CNC工作機械、合金工具鋼、精密機械部品加工,https://www.fact-link.com.vn/mem_profile.php?id=00001145&page=00001587&lang=jp,会社名
j,417,"Phuong Vien Trading and Engineering Co., Ltd",,order@phuongvien.com.vn,"Specialize in providing Cutting tools, measuring tools, and industrial equipment.",https://www.fact-link.com.vn/mem_profile.php?id=00001147&page=00001637&lang=jp,会社名
j,418,Dinh Nam  株式会社,,dinhnamcasting@yahoo.com,製品の専門家 機械的な加工、冶金産業支援の。,https://www.fact-link.com.vn/mem_profile.php?id=00001148&page=00001588&lang=jp,会社名
j,419,"YUKEN SEA CO., LTD",,yo.okuda@yuken-sea.com,油研ブランドの油圧機器（ポンプ、バルブ）、油圧ユニット、自動切屑圧縮機”KIRIKO”等を販売,https://www.fact-link.com.vn/mem_profile.php?id=00001164&page=00001609&lang=jp,会社名
j,420,ストロングウェイ,,aya@swico.com.tw,ダイカスト（内製）、鍛造、重力鋳造、精密金属加工、塗装、組立、各種内燃機関部品の加工,https://www.fact-link.com.vn/mem_profile.php?id=00001174&page=00001631&lang=jp,会社名
j,423,ハリマFC　株式会社,,info@nissin.vn,農業およびガーデニング用品・家庭用刃物の製造・販売、板金部品加工および組立,https://www.fact-link.com.vn/mem_profile.php?id=00001183&page=00001654&lang=jp,会社名
j,424,タイショウ＆7 パッケージ テクノロジー (TS7 ),,tuants7@in7.com.vn,ベトナム国内で印刷からパッケージ製造まで。紙箱、クリアケース、軟包材、ラベル、販促物、資材関連、プラスチック成形品,https://www.fact-link.com.vn/mem_profile.php?id=00001184&page=00001661&lang=jp,会社名
j,426,ウォーターライン ベトナム,,info@waterlinevietnam.com,工場現場や商業スペースを革新的技術で冷房します。,https://www.fact-link.com.vn/mem_profile.php?id=00001189&page=00001673&lang=jp,会社名
j,433,"Van Nga Co.,Ltd",,vanngaplastic@vnn.vn,プラスチック押出チューブ製造、化粧品・医薬品・食品用ポリエチレン（PE）チューブ,https://www.fact-link.com.vn/mem_profile.php?id=00001209&page=00001694&lang=jp,会社名
j,434,ハイナム スウィッチボード マニュファクチュア,,hainam-panel@hainamswitchboards.com,10年以上の実績のある配電盤製作会社です。,https://www.fact-link.com.vn/mem_profile.php?id=00001210&page=00001693&lang=jp,会社名
j,445,TBM ミンファット プロデューシング トレーディング,,minhphat@tbm.com.vn,プラスチック金型設計・製作、プラスチック射出成形メーカー,https://www.fact-link.com.vn/mem_profile.php?id=00001260&page=00001771&lang=jp,会社名
j,446,"TAN DAI PHU SY Co.,Ltd",,kimtin@tandaiphusy.com.vn,The authority distributor in delivery and maintenance for REINER air compressor,https://www.fact-link.com.vn/mem_profile.php?id=00001261&page=00001772&lang=jp,会社名
j,447,ベト産業株式会社グループ,,info@cnvgroup.com.vn,工場・プラントの建設、工場内システムの構築・設置、 機械部品加工、産業機械の設計・製作 ・販売,https://www.fact-link.com.vn/mem_profile.php?id=00001263&page=00001774&lang=jp,会社名
j,456,入船ダイナミックシッピングベトナム,,taniguchi@irifune-vietnam.com.vn,日本品質およびベトナムローカル価格でのフォワーディングサービスをご提供いたします。,https://www.fact-link.com.vn/mem_profile.php?id=00001295&page=00001851&lang=jp,会社名
j,458,Viet Nhat Industry Joint Stock Company,,susan@vietnhat.net,電解めっきのトータルソリューション（めっき処理設備の設計・製造から据付、めっき薬品の開発・製造、めっき処理サービス、治具製作）,https://www.fact-link.com.vn/mem_profile.php?id=00001307&page=00001857&lang=jp,会社名
j,460,Vit Viet インダストリープロダクション＆トレーディング,,sale@vitviet.com,ベトナムで締結部品（M&E 製品、家具用締結部品、機械部品、ネジ、ボルト、ナット）の製造・販売,https://www.fact-link.com.vn/mem_profile.php?id=00001309&page=00001860&lang=jp,会社名
j,462,Viet Nhat Tan 精密機械加工,,vntpmthanhhung@gmail.com,精密機械加工、および工具販売。ベトナムローカル価格で生産し、コスト削減を実現！,https://www.fact-link.com.vn/mem_profile.php?id=00001315&page=00001866&lang=jp,会社名
j,463,ベトサン 有限会社,,info@vietsan.com.vn,精密機械加工、および医療機器の生産,https://www.fact-link.com.vn/mem_profile.php?id=00001316&page=00001867&lang=jp,会社名
j,473,ベト ティン 建設および貿易有限会社は,,info@viettinh.com.vn,輸入した化学原料を供給することに専門店。,https://www.fact-link.com.vn/mem_profile.php?id=00001346&page=00001927&lang=jp,会社名
j,475,"M.D.K Co.,Ltd",,sales@mdk4i.com.vn,1989年から、高品質なスチール製工業用家具ソリューションをお届けします。,https://www.fact-link.com.vn/mem_profile.php?id=00001355&page=00001939&lang=jp,会社名
j,477,旭ケミカルス(ベトナム) トレーディング,,hamaguchi@asachemi.co.jp,樹脂成型製品(医療部品)、工業用製品・理化学製品の販売,https://www.fact-link.com.vn/mem_profile.php?id=00001361&page=00001956&lang=jp,会社名
j,481,ダイナムサンコー,,dainamsanco@yahoo.com.vn,熱風発生機・乾燥機・ヒーター・熱電対のことならダイナムサンコー！,https://www.fact-link.com.vn/mem_profile.php?id=00001388&page=00001974&lang=jp,会社名
j,483,キリウス ベトナム,,sales@kilews.com.vn,キリウスグループは小ねじ用電動ドライバーの生産台数世界No.1の電動ドライバーメーカーです。,https://www.fact-link.com.vn/mem_profile.php?id=00001401&page=00002514&lang=jp,会社名
j,486,"Nhuan Tien Co.,Ltd.",,nmk@nhuantien.com,ファインセラミックス・超硬材をはじめとする各種機械要素部品の研削・研磨,https://www.fact-link.com.vn/mem_profile.php?id=00001411&page=00002019&lang=jp,会社名
j,487,近藤ベトナム,,y.sawato@ks-nagoya.co.jp,ステンレス鋳造（ロストワックス製法）による精密鋳造品を提供しております。,https://www.fact-link.com.vn/mem_profile.php?id=00001412&page=00002018&lang=jp,会社名
j,489,"Anmi Tools Co.,Ltd.（アンミ ツールス 株式会社）",,info@anmitools.com,欧州SANDVIKグループ企業のDORMER&PRAMET社の切削工具販売、特殊ツール、ホルダー製造、販売。,https://www.fact-link.com.vn/mem_profile.php?id=00001416&page=00002021&lang=jp,会社名
j,492,ドラゴンハウジング,,dragonhousing@gmail.com,ドラゴンハウジングはベトナム・ホーチミンの不動産屋です。（アパート・サービスアパート・マンション・一軒家・オフィス）賃貸住宅のご紹介,https://www.fact-link.com.vn/mem_profile.php?id=00001447&page=00002050&lang=jp,会社名
j,495,ケイデンベトナム有限会社,,uehara@k-den.biz,金属表面処理加工（無電解ニッケルめっき、亜鉛めっき、錫めっきなど）,https://www.fact-link.com.vn/mem_profile.php?id=00001459&page=00002055&lang=jp,会社名
j,511,サンフィールド ベトナム,,suzuki@hinoeng.co.jp,基板実装、ハーネス組立、樹脂成形、サブアッセンブリ～完成品まで,https://www.fact-link.com.vn/mem_profile.php?id=00001526&page=00002141&lang=jp,会社名
j,513,Hong Thinh JSC,,phuoc@hongthinh.com,電気パネルの設計・製作、電気設備工事 & メンテナンスサービス、自動制御システム & エンジニアリングサービス,https://www.fact-link.com.vn/mem_profile.php?id=00001541&page=00002151&lang=jp,会社名
j,515,ミスミ ベトナム,,cs@misumi.com.vn,世界の製造を支えるリーディングカンパニー！ MISUMI VIETNAM,https://www.fact-link.com.vn/mem_profile.php?id=00001548&page=00002155&lang=jp,会社名
j,523,"CNC3S CO.,LTD",,contact@cnc3s.com,金属加工。精密機械加工部品。単品からロッドまでの受注。,https://www.fact-link.com.vn/mem_profile.php?id=00001623&page=00002260&lang=jp,会社名
j,524,日伝ベトナム,,keisuke.sangawa@nichiden.com.vn,海外生産の課題解決に貢献する提案力と確かな商品調達力,https://www.fact-link.com.vn/mem_profile.php?id=00001625&page=00002266&lang=jp,会社名
j,534,明和ベトナム 有限会社（EPE企業）,,kondo@meiwainc.jp,サーボプレス、レーザー加工、切削加工、ロボット等多様な技術でお客さまの抱えている問題を解決します。,https://www.fact-link.com.vn/mem_profile.php?id=00001667&page=00002340&lang=jp,会社名
j,535,OSGベトナム,,csvn@osg.com.vn,タップ、エンドミル、ドリル、ダイス、ゲージ等各種機械工具の製造・販売、工具再研磨工場の運営。,https://www.fact-link.com.vn/mem_profile.php?id=00001668&page=00002344&lang=jp,会社名
j,541,グエンジアテック会社,,info@nguyengiatech.net,モバイルアプリケーションとウェブの関してサービスを提供します。,https://www.fact-link.com.vn/mem_profile.php?id=00001692&page=00002402&lang=jp,会社名
j,542,パナソニック エコソリューションズ創研株式会社,,tuantran.vjqc@gmail.com,品質管理・ものづくり改善・人材育成をベトナム国内でご支援いたします。,https://www.fact-link.com.vn/mem_profile.php?id=00001696&page=00002411&lang=jp,会社名
j,543,"Hibex Vietnam Co., Ltd",,hibexvietnam@hibex.com.sg,ベトナムで電動ドライバー・トルクメーターの販売、修理、校正はお任せください。,https://www.fact-link.com.vn/mem_profile.php?id=00001698&page=00002413&lang=en,Company Name
j,544,光洋産業ベトナム,,kuwako@koyoweb.com,木材用接着剤（KOYOBOND）およびプラスチック製食品容器の製造販売,https://www.fact-link.com.vn/mem_profile.php?id=00001702&page=00002421&lang=jp,会社名
j,548,"Toan Tam Steel & Welded Mesh Co.,Ltd",,info@toantam.vn,ベトナムの溶接メッシュ,https://www.fact-link.com.vn/mem_profile.php?id=00001714&page=00002438&lang=vn,"C?NG TY TNHH FACT-LINK MARKETPLACE??a ch?: 602/43 ?i?n Bi?n Ph?, Ph??ng 22, Qu?n B?nh Th?nh, Th?nh ph? H? Ch? MinhS?T: 0888 767 138 - Email: info@fact-link.com.vnS? GCN?KDN (MST): 0313 560 828C?p ng?y:  03/12/2015 b?i S? K? Ho?ch v? ??u T? TP. HCM"
j,550,タンガロイベトナム駐在員事務所,,tuyen@tungaloy.vn,切削工具ならおまかせ下さい！ 切削工具の短納期・低価格で対応可能！,https://www.fact-link.com.vn/mem_profile.php?id=00001720&page=00002528&lang=jp,会社名
j,553,"Vina Blue Zone Co.,Ltd.",,vnbz.minhtai@gmail.com,金属製品・・プレス加工・各種金型・タップ・溶接・バレル研磨・FRP製品・樹脂製品・粉体塗装・カチオン塗装,https://www.fact-link.com.vn/mem_profile.php?id=00001730&page=00002452&lang=jp,会社名
j,556,Viet Nhat 精密機械加工,,trung_nguyen@vietnhatprecision.com,NC旋盤・マシニングセンタ・フライス盤による金属・樹脂部品精密加工、仕上げ、ベトナムでの現地調達。,https://www.fact-link.com.vn/mem_profile.php?id=00001745&page=00002472&lang=jp,会社名
j,557,コベルコ コンプレッサ ベトナム,,onuki.kohei@kobelco.com,エアコンプレッサー、ヒートポンプ、関連付帯機器の販売 、アフターサービス、省エネ、改善提案,https://www.fact-link.com.vn/mem_profile.php?id=00001750&page=00002483&lang=jp,会社名
j,558,"KYOUWA VIETNAM Co.,Ltd. (キョウワ ベトナム)",,minami@kk-kyouwa.co.jp,"高品質の板金加工, 日本品質の溶接部品, 自動機, 自動化設備, OEM生産",https://www.fact-link.com.vn/mem_profile.php?id=00001771&page=00002512&lang=jp,会社名
j,561,Kamogawa ベトナム,,katsura@kamog.co.jp,カモガワは切削・研削のプロフェッショナル企業。工業用資材の輸入販売、切削工具の設計・販売、再研磨,https://www.fact-link.com.vn/mem_profile.php?id=00001802&page=00002547&lang=jp,会社名
j,564,ニャットミン デザイン & マニュファクチュア,,info@nmmold.com,精密金型の設計・製造および高機能プラスチック射出成形,https://www.fact-link.com.vn/mem_profile.php?id=00001813&page=00002561&lang=jp,会社名
j,565,H? THANH（ハー　タン）工業株式会社,,sales@hathanhcorp.com,ANTI - CORROSION TECHNOLOGY - RUBBER LINING PROTECTION,https://www.fact-link.com.vn/mem_profile.php?id=00001817&page=00002562&lang=jp,会社名
j,567,トモエレクトロ ベトナム,,Vie@tomo-ele.com,ベトナムでBGA/ CSPリワーク・リボール、基板修理 、試作実装なら、お任せください。,https://www.fact-link.com.vn/mem_profile.php?id=00001827&page=00002574&lang=jp,会社名
j,571,株式会社 ベトナム トミタ,,khyugaji@tomita.com.vn,工作機械、工具・機器・測定、FA商品など、数万アイテムにも及ぶ商品を取り揃えております。,https://www.fact-link.com.vn/mem_profile.php?id=00001852&page=00002597&lang=jp,会社名
j,574,サクラソニックベトナム有限会社,,takano@sakurasonicvn.com,油圧ユニットの事ならサクラソニックベトナムにお任せください。,https://www.fact-link.com.vn/mem_profile.php?id=00001856&page=00002599&lang=jp,会社名
j,575,"名和精密ベトナム 有限会社（Nawa Precision Vietnam Co.,Ltd）",,sale_2@vnawa.com.vn,ベトナムで自動旋盤での精密金属加工及びプラスチックマグネット成型を行っております,https://www.fact-link.com.vn/mem_profile.php?id=00001862&page=00002609&lang=jp,会社名
j,577,Tr??ng T?n 炉サービス有限責任会社,,long@ttf-c.com,"Specializing in produce, manufacture, installation, fix of aluminum and copper furnac",https://www.fact-link.com.vn/mem_profile.php?id=00001887&page=00002638&lang=jp,会社名
j,579,トーイン ベトナム,,toin-vn@toin-vn.com.vn,紙箱、クリアケース、ブリスター台紙、その他包装資材などパッケージの一貫生産,https://www.fact-link.com.vn/mem_profile.php?id=00001902&page=00002651&lang=jp,会社名
j,581,CX テクノロジーベトナム株式会社,,sales_vn@mail.cxtechnology.com,冷間鍛造の専門メーカー！45年の経験を活かした金型設計・製作から冷間鍛造、熱処理、 切削加工、表面処理、品質管理まで一貫化生産。,https://www.fact-link.com.vn/mem_profile.php?id=00001908&page=00002655&lang=jp,会社名
j,584,VSEエンジニアリング株式会社,,quangha@vsesm.com.vn,ベトナムの精密板金製造,https://www.fact-link.com.vn/mem_profile.php?id=00001928&page=00002671&lang=jp,会社名
j,591,古林工業株式会社 ベトナム（FKK ベトナム）,,sales@fkkvn.com,ベトナムでエルボ、ティー、レジューサ、キャップ等の溶接式管継手を製造・販売,https://www.fact-link.com.vn/mem_profile.php?id=00001979&page=00002702&lang=jp,会社名
j,592,ダイワランス　インターナショナル,,info@daiwalance.com.vn,電炉製鋼用カロライズランスパイプの製造・販売,https://www.fact-link.com.vn/mem_profile.php?id=00001987&page=00002703&lang=jp,会社名
j,595,パンチ工業 ベトナム 株式会社,,senior-cs@punch.com.vn,プラスチック金型用部品、プレス金型用部品、特注部品の製造・販売,https://www.fact-link.com.vn/mem_profile.php?id=00002013&page=00002747&lang=jp,会社名
j,597,日本電計ベトナム,,info_ndv@n-denkei.com.vn,計測器のご購入のご検討、その他計測器に関することは是非お問い合わせください！,https://www.fact-link.com.vn/mem_profile.php?id=00002018&page=00002748&lang=jp,会社名
j,609,Green Label Mechanical Corporation,,hong@glm.com.vn,Professionals of machine parts and the details in the field of mechanical engineering,https://www.fact-link.com.vn/mem_profile.php?id=00002087&page=00002804&lang=jp,会社名
j,610,HAYEN CORPORATION,,sales-hn@hayenind.com.vn,業務用厨房機器 洗濯関連機器のメーカ,https://www.fact-link.com.vn/mem_profile.php?id=00002089&page=00002807&lang=jp,会社名
j,611,ビンケエス,,info@vincaes.com,製品設計・開発アウトソーシング、CAD/CAE受託サービス、人事・トレーニング、ビジネスマッチング,https://www.fact-link.com.vn/mem_profile.php?id=00002091&page=00002810&lang=jp,会社名
j,612,工業機械及び工業自動化　有限会社,,support@idmea.com,機械装置・生産設備・産業用運送システムのコンサティング・設計・製造,https://www.fact-link.com.vn/mem_profile.php?id=00002094&page=00002813&lang=jp,会社名
j,614,INNOVE テクノロジーデベロップメント有限会社 /  INNOVE PLMソリューションズ有限会社,,huongnt@innove.com.vn,CAD/CAM/CAE/PDM/PLM 、生産システムコンサルティング・導入。ベトナムにおけるSolidworks製品の販売・導入の正規代理店,https://www.fact-link.com.vn/mem_profile.php?id=00002104&page=00002819&lang=jp,会社名
j,620,オスタコム ベトナム,,Ostacom2016@yahoo.co.jp,雨漏りしてませんか？　トイレ臭くないですか？　改修工事のプロフェッショナル『オスタコム』にお任せ下さい。,https://www.fact-link.com.vn/mem_profile.php?id=00002144&page=00002859&lang=jp,会社名
j,635,"Thien Long Engineering Co., Ltd",,vinabangtai@gmail.com,"Construct and install conveyors, bucket and mechanical machining",https://www.fact-link.com.vn/mem_profile.php?id=00002200&page=00002919&lang=jp,会社名
j,655,Ktechベトナム技術有限公司,,info@ktechvn.com.vn,製造および流通機械、電気および機械工学用ツール,https://www.fact-link.com.vn/mem_profile.php?id=00002296&page=00003010&lang=jp,会社名
j,658,Quan Mai Mold Engineering Private Enterprise,,info@quanmaimold.com,Specializing in designing and manufacturing molds for the footwear industry,https://www.fact-link.com.vn/mem_profile.php?id=00002307&page=00003021&lang=jp,会社名
j,662,エレマテックベトナム,,nhasegawa@elematec.com,エレクトロニクス製品に使用される電気材料、電子部品、オプティカル部品、材料・治工具・クリーンルーム製品・一般工業材料等,https://www.fact-link.com.vn/mem_profile.php?id=00002324&page=00003036&lang=jp,会社名
j,677,PADA TOOLS TECH COMPANY LIMITED,,saletools@padatools.com,Sale cutting tools,https://www.fact-link.com.vn/mem_profile.php?id=00002375&page=00003082&lang=jp,会社名
j,681,TK インダストリー ベトナム,,murata@tk-vn.com,鉄、ステンレスを主体とした建築向けの各種金属加工、建築用金物の設計・製作・施工,https://www.fact-link.com.vn/mem_profile.php?id=00002398&page=00003101&lang=jp,会社名
j,695,Accretech ベトナム（東京精密グループ ）,,info.hanoi@accretech.vn,精密計測機器の販売・メンテナンス (三次元座標測定機、表面粗さ測定機、輪郭形状測定機、真円度・円筒形状測定機、光学測定機器、自動計測機器、空気マイクロメータ、電気マイクロメータ 他),https://www.fact-link.com.vn/mem_profile.php?id=00002473&page=00003174&lang=jp,会社名
j,696,アベ・インダストリアル・ベトナム有限会社,,info@abess-vn.com,プレス加工（順送、単発）、板金加工、曲げ加工、穴加工、レーザ加工、ティグ溶接、ロボット溶接、スポット溶接、組立、表面処理,https://www.fact-link.com.vn/mem_profile.php?id=00002479&page=00003179&lang=jp,会社名
j,700,CSGT Metals Vietnam Joint Stock Company,,info@csmv.vn,薄物鋼板加工・販売 -  黒皮、酸洗い、冷延、電磁鋼板、表面処理鋼板、ステンレス、アルミ,https://www.fact-link.com.vn/mem_profile.php?id=00002513&page=00003210&lang=jp,会社名
j,704,東洋アイテック ベトナム 株式会社,,manabe@vntoyoitec.com,開発提案型EMS企業。　基板実装、電子機器、玩具、プラスチック製品、OEMルアー製品,https://www.fact-link.com.vn/mem_profile.php?id=00002546&page=00003236&lang=jp,会社名
j,707,ハリキ精工ベトナム,,dinhtruc@harikivn.com,ステンレス・鉄・アルミ・チタン、1個から数百万個の大量ロットまで、何でも削ります。切削・研削加工のプロ集団,https://www.fact-link.com.vn/mem_profile.php?id=00002587&page=00003274&lang=jp,会社名
j,710,VJC テクノロジー,,sales@vjctech.com.vn,アパレル産業向けCAD/ CAMシステム・機械設備・資材などのご紹介/ 販売、導入支援および保守/ 運用支援,https://www.fact-link.com.vn/mem_profile.php?id=00002610&page=00003294&lang=jp,会社名
j,711,遠藤照明ベトナム,,tanno@endo-lighting.com.vn,LED照明の販売、およびベトナムに対応したLED照明のご提案,https://www.fact-link.com.vn/mem_profile.php?id=00002612&page=00003295&lang=jp,会社名
j,728,PAN サービス,,shoheiyonezaki@panservices.vn,工場、事務所などの建物の清掃全般。 　清掃を通じて安心で快適な環境をお届けします,https://www.fact-link.com.vn/mem_profile.php?id=00002758&page=00003427&lang=jp,会社名
j,735,"Asia Paint Vietnam Co.,Ltd",,sales@asiapaintvietnam.com,金属・プラスチック・建築用塗料の製造・販売,https://www.fact-link.com.vn/mem_profile.php?id=00002839&page=00003513&lang=en,Company Name
j,736,サクラ エコロジー,,haruki@sakuraecology.com,サクラ エコロジーは、ビル・建物の清掃・設備管理・保安警備・省エネ・環境関連事業で貢献いたします。,https://www.fact-link.com.vn/mem_profile.php?id=00002848&page=00003519&lang=jp,会社名
j,738,西華産業ベトナム,,kumagai@seikavn.com,,https://www.fact-link.com.vn/mem_profile.php?id=00002867&page=00003538&lang=jp,会社名
j,743,（有）キコー ベトナム,,khanhnq@kiko.com.vn,産業用機械、機械工具、建設資材、環境関連機器の輸入・販売、　トラスコ中山㈱・室本鉄工㈱の正規販売代理店,https://www.fact-link.com.vn/mem_profile.php?id=00002885&page=00003558&lang=jp,会社名
j,749,タカラ産業ベトナム（駐在事務所）,,t-kanaya@takaranet.co.jp,物干をはじめとした 金属加工品・樹脂成形品の製造・販売,https://www.fact-link.com.vn/mem_profile.php?id=00002915&page=00003586&lang=jp,会社名
j,776,ナラサキベトナム株式会社,,sashikatakn@narasaki.co.jp,三菱電機のFA機器、ﾚｰｻﾞｰ加工機・放電加工機に関する日系正規代理店,https://www.fact-link.com.vn/mem_profile.php?id=00003031&page=00003690&lang=jp,会社名
j,785,カクショウ メタル ベトナム,,kks-9@cd.wakwak.com,真鍮（黄銅）のNC自動旋盤による金属部品加工、　アッセンブリ加工,https://www.fact-link.com.vn/mem_profile.php?id=00043526&page=00003733&lang=jp,会社名
j,806,ベトナム トータルデザイン & コンストラクション (TDC),,info@vntdc.com.vn,工業団地内の工場建築、オフィスや店舗のデザイン・設計から施工,https://www.fact-link.com.vn/mem_profile.php?id=00043590&page=00003913&lang=jp,会社名
j,830,荒井道ベトナム,,araimichi.vn@gmail.com,CNC / CMC旋盤による切削加工,https://www.fact-link.com.vn/mem_profile.php?id=00043673&page=00003859&lang=jp,会社名
j,846,Temas Engineering JSC,,tiennb@temas.vn,"Your success, our purpose",https://www.fact-link.com.vn/mem_profile.php?id=00043742&page=00003909&lang=jp,会社名
j,858,イイダ モールド ベトナム,,design.iidamoldvn@gmail.com,金型設計から部品加工まで日本の加工技術と管理体制でコストダウン提案に挑みます。,https://www.fact-link.com.vn/mem_profile.php?id=00043804&page=00003961&lang=jp,会社名
j,859,セコムベトナムセキュリティサービス,,info@secomvn.com.vn,信頼される安心を、社会へ。,https://www.fact-link.com.vn/mem_profile.php?id=00043810&page=00003963&lang=jp,会社名
j,860,Quoc Huy Technique 株式会社,,info@quochuy.com,計測学-テスト-検査-校正-分析,https://www.fact-link.com.vn/mem_profile.php?id=00043834&page=00003974&lang=jp,会社名
j,861,ナカノプレシジョン,,ly@nakanos-s.com.vn,材質・形状・サイズ・数量に幅広く、柔軟に対応できる精密切削加工を行っています。,https://www.fact-link.com.vn/mem_profile.php?id=00043870&page=00003980&lang=jp,会社名
j,865,ユニマックス サイゴン,,odajima-s@unimaxsg.com,ユニフォームの企画、生産、販売。オフィスユニフォーム、サービスユニフォーム、作業服、白衣などユニフォーム全般,https://www.fact-link.com.vn/mem_profile.php?id=00043908&page=00004008&lang=jp,会社名
j,867,マンダリン ファウンドリー,,sales@mandarinfoundry.com,ベトナムでのFC材、FCD材などの鋳物加工メーカー,https://www.fact-link.com.vn/mem_profile.php?id=00043912&page=00003995&lang=jp,会社名
j,870,白銅株式会社　ベトナム駐在員事務所,,k.imaki@hakudo.co.jp,非鉄金属および鋼、プラスチック材料の専門商社,https://www.fact-link.com.vn/mem_profile.php?id=00043996&page=00004022&lang=jp,会社名
j,871,"Tin Dat Investment Produce Trading Service Co.,Ltd",,nishidaterukazu@mtxvn.com,ベトナムで安心・安全なレンタカーサービス！ 日系の同業他社に比して格安な料金体系、サービス面は、同等以上。,https://www.fact-link.com.vn/mem_profile.php?id=00044019&page=00004034&lang=jp,会社名
j,874,松本正 ㈱　ホーチミン事務所,,yamada@matsumotosho.com,ベトナムで電子化学材料、装置、工業材料を提供します。,https://www.fact-link.com.vn/mem_profile.php?id=00044105&page=00004082&lang=jp,会社名
j,883,アルテック アジア パシフィック ベトナム,,kitazawa@altech-vn.com,ベトナムで産業機械・機器の輸出入販売およびそれらに付随するサービスの提供をしております。,https://www.fact-link.com.vn/mem_profile.php?id=00044151&page=00004100&lang=jp,会社名
j,886,ヒロユキ（ベトナム）,,sales@hiroyuki-vietnam.com,PPバンド・PETバンド、包装用フィルム、結束紐、粘着テープ などお客様のニーズに適した製品を供給します。,https://www.fact-link.com.vn/mem_profile.php?id=00044156&page=00004105&lang=jp,会社名
j,902,"DOLIN TECHNOLOGY MANUFACTURING CO.,LTD",,info@dolin.com.tw,S?n xu?t m?y m?c c?ng nghi?p chuy?n nghi?p,https://www.fact-link.com.vn/mem_profile.php?id=00044222&page=00004140&lang=jp,会社名
j,909,栗原ベトナム,,kurihara@kurihara.vn,電気・空調・衛生等の設備工事をサポートします！,https://www.fact-link.com.vn/mem_profile.php?id=00044281&page=00004169&lang=jp,会社名
j,914,恒栄ベトナムトレーディング,,kouei.contact@kjt.co.jp,"TONE, キトー, エクセン, イーグルジャッキ, 寺岡テープ等の販売",https://www.fact-link.com.vn/mem_profile.php?id=00044370&page=00004205&lang=jp,会社名
j,927,オカムラベトナム,,m-kita@okamura-industry.co.jp,水処理エンジニアリング、排水給水設備の設計・施工・工事・メンテナンス　浄化槽・滅菌設備・飲料用水膜設備,https://www.fact-link.com.vn/mem_profile.php?id=00044686&page=00004284&lang=jp,会社名
j,929,"Showa Brain Navi Vietnam Co., Ltd",,man@group.showa-holdings.jp,Producing and trading rubber products,https://www.fact-link.com.vn/mem_profile.php?id=00044719&page=00004295&lang=jp,会社名
j,931,やまびこ ベトナム,,tyamaguchi@yamabiko-corp.co.jp,一般産業機械の部品製造,https://www.fact-link.com.vn/mem_profile.php?id=00044847&page=00004320&lang=jp,会社名
j,934,TINH HAサービス貿易株式会社,,tinhha@tinhha.vn,取扱商品は刃物、測定器、及び金属加工業界に関連する様々な設備まで多岐に渡り,https://www.fact-link.com.vn/mem_profile.php?id=00045003&page=00004357&lang=vn,CHI NH?NH T?I TP. H? CH? MINH
j,936,エフエルイー　ベトナム,,vinh@fle.com.vn,ローカライゼーション、テクニカル・ライティング、多言語翻訳、インタラクティブ・デジタルメディア設計、 情報技術ソリューション、およびアプリケーション開発など,https://www.fact-link.com.vn/mem_profile.php?id=00045081&page=00004378&lang=jp,会社名
j,937,高石工業 株式会社,,j-takaishi@takaishi-ind.co.jp,工業用精密ゴムパッキンの製造販売 （水・ガス・空気、油圧用パッキン）,https://www.fact-link.com.vn/mem_profile.php?id=00045125&page=00004389&lang=jp,会社名
j,939,SAI GON HYDRAULIC.JSC,,Thuylucsaigon@gmail.com,油圧シリンダー、油圧プレスシステムの製造および製造。 ハードクロームメッキ 金属の熱処理,https://www.fact-link.com.vn/mem_profile.php?id=00045133&page=00004392&lang=jp,会社名
j,942,藤本産業ベトナム,,s-murakami@fujimotosangyo.co.jp,ねじ・締結部品の専門商社　　各種ねじ・締結部品、機械加工部品、鋼材・鉄鋼製品、モノづくり関連用品,https://www.fact-link.com.vn/mem_profile.php?id=00045213&page=00004430&lang=jp,会社名
j,947,エンジェルメイド,,info@angelmaid-vn.com,ビル、オフィス、店舗掃、工場清掃のエンジェルメイドは、しっかりした管理体制で素早い対応を行 います。,https://www.fact-link.com.vn/mem_profile.php?id=00045430&page=00004456&lang=jp,会社名
j,948,ソーダニッカ　ベトナム,,y-nakayama@sodanikka.com.vn,無機・有機薬品、石油化学製品、合成樹脂製品などを扱う化学品および機能材の専門商社,https://www.fact-link.com.vn/mem_profile.php?id=00045459&page=00004465&lang=jp,会社名
j,952,テクノアソシエ ベトナム,,sadaaki-suzuki@technoassocie.co.jp,螺類、加工品、金属素材、電材品、化成品、産業機器等のベトナム国内販売及び輸出入,https://www.fact-link.com.vn/mem_profile.php?id=00045562&page=00004490&lang=jp,会社名
j,955,日本セイフティー　ベトナム,,t-kobayashi@nihonsafety.com,建築・土木・解体・リニューアルなどの工事に用いる総合仮設の販売（仮設トイレ、仮設ハウス等）,https://www.fact-link.com.vn/mem_profile.php?id=00045614&page=00004509&lang=jp,会社名
j,957,ジュピター　パシフィック　フォワーディング,,sgnoffice@jupiterpacific.com.vn,国際総合物流企業,https://www.fact-link.com.vn/mem_profile.php?id=00045741&page=00004547&lang=jp,会社名
j,960,ベトナム グリーン パックス 有限会社,,info@greenpacks-vn.com,空調設備部材販売、プラスチック商品の開発及び販売、健康食品の輸出入及び販売,https://www.fact-link.com.vn/mem_profile.php?id=00045796&page=00004556&lang=jp,会社名
j,961,宇野プレシジョン マシーナリー ベトナム,,sugita@upmv.com.vn,精密測定機器・光学測定・電気測定機器販売,https://www.fact-link.com.vn/mem_profile.php?id=00045807&page=00004560&lang=jp,会社名
j,967,"Dien Viet Nhat Co.,Ltd. (DIVINHCOM)",,customer@divinhcom.com,ベトナム全エリアのオフィス・工場の設計から内装まで、トータルでお任せください。 日本の品質をローカルプライスで！,https://www.fact-link.com.vn/mem_profile.php?id=00046092&page=00004620&lang=jp,会社名
j,968,香港新道有限公司　ベトナムオフィス,,yamautir@shindo.com,ベトナムで細幅関係の服飾副資材の企画・製造・販売を行っています。,https://www.fact-link.com.vn/mem_profile.php?id=00046098&page=00004622&lang=jp,会社名
j,969,アイデア機械製作株式会社 (Subsidiaries ),,tri@itdctech-vn.com,トレース、3次元モデリング、現物から図面化受託,https://www.fact-link.com.vn/mem_profile.php?id=00046133&page=00004624&lang=jp,会社名
j,970,マコトトレーディング,,toan@makototrading.com,塗料・塗装設備なら是非MAKOTOに,https://www.fact-link.com.vn/mem_profile.php?id=00046179&page=00004635&lang=jp,会社名
j,973,兼松KGK ベトナム,,kishi@kgk.com.vn,機械の総合機能商社（ 工作機械・産業機械・エネルギー関連及び周辺機器）,https://www.fact-link.com.vn/mem_profile.php?id=00046331&page=00004655&lang=jp,会社名
j,976,アライブ ベトナム,,info@alive-web.co.jp,WEB制作からブランディングまで、デザインを通してビジネスの「成功」のお手伝いするンサルティング＆デザイン会社です。,https://www.fact-link.com.vn/mem_profile.php?id=00046429&page=00004673&lang=jp,会社名
j,980,古河産業ベトナム社,,kohei.yamaguchi@furukawaelectric.com,電力・通信ケーブル、非鉄金属原料・素材・加工品、化学品、樹脂原料・成型品、設備・機械等の販売および輸出入、建設業,https://www.fact-link.com.vn/mem_profile.php?id=00046750&page=00004746&lang=jp,会社名
j,981,有限会社 J-SPIRIT,,tranminhtamvnjp@gmail.com,日越・英越の翻訳・通訳、企業視察サポート、市場調査など。優秀な翻訳者・通訳者を確保し、あらゆる分野に対応。,https://www.fact-link.com.vn/mem_profile.php?id=00046758&page=00004749&lang=jp,会社名
j,983,KIV グループKIV,,sales2@kiv-vn.com,Together we can do more!,https://www.fact-link.com.vn/mem_profile.php?id=00046847&page=00004764&lang=jp,会社名
j,993,プロニクス株式会社,,inoue@pronics.net,試作金型、量産金型の設計・製造 & 精密プラスチック成形品の量産,https://www.fact-link.com.vn/mem_profile.php?id=00050383&page=00004810&lang=jp,会社名
j,997,TAN PHUONG PHAT PRODUCING AND TRADING COMPANY LIMITED,,info@tanphuongphat.com,The leading manufacturer of warehouse industrial racking systems in Vietnam,https://www.fact-link.com.vn/mem_profile.php?id=00050469&page=00004827&lang=jp,会社名
j,1001,ベトナムハウス,,hello@vietnamhouse.jp,ココロ躍る お部屋さがしを,https://www.fact-link.com.vn/mem_profile.php?id=00050533&page=00004864&lang=jp,会社名
j,1003,日本シームベトナム有限会社,,sales-vn@nippon-seam.co.jp,,https://www.fact-link.com.vn/mem_profile.php?id=00050596&page=00004899&lang=jp,会社名
j,1004,SVJ油圧グローバル有限会社,,nam@svj-hg.com,油圧機器・アクセサリーのご購入ならSVJにお任せください。,https://www.fact-link.com.vn/mem_profile.php?id=00050632&page=00004908&lang=jp,会社名
j,1010,"TIEN PHONG ELECTROMECHANICS SERVICE TRADING CO.,LTD",,codientienphong@gmail.com,,https://www.fact-link.com.vn/mem_profile.php?id=00050931&page=00004948&lang=jp,会社名
j,1011,有限会社　BHエンジニアリング,,info@bh-engineer.com,3次元CADソフトによる設計やモデリングなどの業務の委託する海外BPO会社であり,https://www.fact-link.com.vn/mem_profile.php?id=00050934&page=00004950&lang=jp,会社名
j,1013,サイゴン屏栄食品有限会社,,benson@pingroun.com.vn,,https://www.fact-link.com.vn/mem_profile.php?id=00051019&page=00004965&lang=jp,会社名
j,1014,キャリアリンクベトナム,,Contact@CareerLink.vn,,https://www.fact-link.com.vn/mem_profile.php?id=00051036&page=00004967&lang=jp,会社名
j,1015,"MARUKA VIETNAM CO.,LTD",,khori@unisol-gr.com,,https://www.fact-link.com.vn/mem_profile.php?id=00051068&page=00004968&lang=jp,会社名
j,1029,LONG THANH PHATテクノロジーカンパニーリミテッド,,infolotaphatech@gmail.com,,https://www.fact-link.com.vn/mem_profile.php?id=00051325&page=00005032&lang=jp,会社名
j,1030,GLEATT COMPANY LIMITED,,aoshima@gf-jiv.com,土木工事、建築工事、基礎（杭・地盤改良）工事、土留工事・重仮設工事、プラント設置工事、中古建設機械販売、建設機械修理,https://www.fact-link.com.vn/mem_profile.php?id=00051326&page=00005036&lang=jp,会社名
j,1032,板通ベトナム / ITATSU,,kiyoshi_watanabe@itatsu.co.jp,塗装、めっき、接着、洗浄剤、化学品など各種表面処理の専門商社,https://www.fact-link.com.vn/mem_profile.php?id=00051346&page=00005045&lang=jp,会社名
j,1035,三菱電機ベトナム,,ken.takahara@mevn.com.vn,空調、低圧遮断器、インバーター、UPS、放電加工機、レーザー加工機の販売・サービス,https://www.fact-link.com.vn/mem_profile.php?id=00051357&page=00005054&lang=jp,会社名
j,1040,Letou Research Company Limited,,ken.chan@letouresearch.com,,https://www.fact-link.com.vn/mem_profile.php?id=00051372&page=00005061&lang=jp,会社名
j,1041,ジー　リンク　ロジスティクス　サービス,,maiko@glevietnam.com.vn,,https://www.fact-link.com.vn/mem_profile.php?id=00051379&page=00005063&lang=jp,会社名
j,1042,アマノ タイ インターナショナル ホーチミン駐在事務所,,t.saito@amanovietnam.com.vn,,https://www.fact-link.com.vn/mem_profile.php?id=00051420&page=00005093&lang=jp,会社名
j,1049,VNTECH SERVICES,,info@vntechserv.com,3D配管設計サービスを提供する,https://www.fact-link.com.vn/mem_profile.php?id=00051493&page=00005122&lang=jp,会社名
j,1051,THIEN PHU SI 株式会社,,xuandong@thienphusico.com,業務用包装材の生産と流通（PE、PP、OPP、HDPE）,https://www.fact-link.com.vn/mem_profile.php?id=00051497&page=00005124&lang=jp,会社名
j,1055,"ブリッジ システム (Bridge System Co.,Ltd.)",,kuma@bridgesystem.me,WEB開発のスペシャリストとしてお客様のブランド力を高めます,https://www.fact-link.com.vn/mem_profile.php?id=00051551&page=00005150&lang=jp,会社名
j,1057,アネスト岩田　ベトナム,,kotaro.oda@anest-iwata.vn,コンプレッサと塗装機器・塗装設備の省エネは任せてください,https://www.fact-link.com.vn/mem_profile.php?id=00051588&page=00005235&lang=jp,会社名
j,1058,ミツトヨ ベトナム,,tran-trungdung@mitutoyo.com.vn,精密測定機器の総合メーカー。精密測定機器の販売ならびにサービスおよび校正業務。,https://www.fact-link.com.vn/mem_profile.php?id=00051591&page=00005167&lang=jp,会社名
j,1062,"FREECEED VIETNAM CO., LTD.",,freeceedvietnam@gmail.com,,https://www.fact-link.com.vn/mem_profile.php?id=00051614&page=00005177&lang=jp,会社名
j,1066,MATETECH JSC,,hohoang@metatech.vn,品質が信頼を生み出す,https://www.fact-link.com.vn/mem_profile.php?id=00051633&page=00005198&lang=en,Company Name
j,1068,ケイヒン マルチトランス（ベトナム）,,pnvkhoi_vn@eg.keihin.co.jp,お客様の物流ニーズに合わせたご提案＆きめ細やかなサービスをご提供する総合物流会社です,https://www.fact-link.com.vn/mem_profile.php?id=00051655&page=00005212&lang=jp,会社名
j,1071,システムギアベトナム,,suzuki@systemgear-vietnam.com,＊ベトナムで10年の実績。業務支援システムの開発なら,https://www.fact-link.com.vn/mem_profile.php?id=00051689&page=00005226&lang=jp,会社名
j,1073,株式会社ベトナムKLEC,,sales@vnklec.com,自動化・電気計装システム、空調設備や給排水の設計と施工をソフトからハードまでトータルにサポート,https://www.fact-link.com.vn/mem_profile.php?id=00051694&page=00005237&lang=jp,会社名
j,1074,OENIX - DESIGN & PRINTING,,info@oenix.vn,,https://www.fact-link.com.vn/mem_profile.php?id=00051705&page=00005242&lang=jp,会社名
j,1076,VINH THANH プラスチック 有限会社,,info@vinhthanhplastic.com,家庭用・工業用プラスチック製品・容器の製造（材料：PP、HDPE、LDPE、LLDPE、ABS、PVC、PTU、PS）,https://www.fact-link.com.vn/mem_profile.php?id=00051710&page=00005244&lang=jp,会社名
j,1080,アサヒテックベトナム有限会社,,info@asahitecvn.com,グローバル人材パートナー,https://www.fact-link.com.vn/mem_profile.php?id=00051793&page=00005277&lang=jp,会社名
j,1081,三共ベトナム,,tanaka@sankyo.vn,塗料及び塗装関連資材の専門商社,https://www.fact-link.com.vn/mem_profile.php?id=00051797&page=00005798&lang=jp,会社名
j,1082,Navigos Group Vietnam JSC,,ken@navigossearch.com,,https://www.fact-link.com.vn/mem_profile.php?id=00051800&page=00006121&lang=jp,会社名
j,1083,IDEA MACHINERY MANUFACTURING JSC (ITMC),,info@itmctech-vn.com,機械加工、設備製作、組立配線、CAD/CAMプログラム作成,https://www.fact-link.com.vn/mem_profile.php?id=00051807&page=00005279&lang=jp,会社名
j,1086,"ABC Vietnam Manufacturing & Sourcing Co., Ltd",,sales@abc-vietnam.com,"エンクロージャー、キャビネット、板金加工および製造、スタンピングおよびダイカスト Enkur?j?, kyabinetto, bankin kak? oyobi sei",https://www.fact-link.com.vn/mem_profile.php?id=00051831&page=00005338&lang=en,Company Name
j,1096,I.T.O ベトナム有限会社（ITOベトナム）,,ikeda@itokoki.com.vn,LPガス、天然ガス・CNG用機器の設置・販売(減圧弁、タンク、バルク等)  供給システム設計・工事,https://www.fact-link.com.vn/mem_profile.php?id=00051919&page=00005311&lang=jp,会社名
j,1097,HIRAIWAベトナム,,yoshifumi-nishimura@hiraiwa-vn.com,工場建設・改修工事は日本クオリティを安価にご提供するHIRAIWAベトナムにお任せください,https://www.fact-link.com.vn/mem_profile.php?id=00051923&page=00005310&lang=jp,会社名
j,1099,協和機電ベトナム,,miura@kyowa-kk.co.jp,各種水処理、ろ過器(繊維ろ過、膜処理)、廃液減容システム,https://www.fact-link.com.vn/mem_profile.php?id=00051944&page=00005314&lang=jp,会社名
j,1116,新開トランスポート（ベトナム）,,kanno-hitoshi@stsnet.jp,日本品質の「輸出梱包」と「搬出入荷役」で、高品位サービスを提供します,https://www.fact-link.com.vn/mem_profile.php?id=00054734&page=00005381&lang=jp,会社名
j,1117,安川電機ベトナム,,info@yaskawavn.com,,https://www.fact-link.com.vn/mem_profile.php?id=00054736&page=00005382&lang=jp,会社名
j,1120,オカヤ ベトナム,,takashi.kato@okaya-seiken.co.jp,自動車部品製造・販売・輸出　-　金属精密切削加工,https://www.fact-link.com.vn/mem_profile.php?id=00054755&page=00005413&lang=jp,会社名
j,1129,EURORACKメカニカル合資会社,,info@eurorack.vn,,https://www.fact-link.com.vn/mem_profile.php?id=00054827&page=00005436&lang=jp,会社名
j,1130,エア・ウォーターベトナム,,support@airwatervietnam.com,産業・医療用ガスの製造販売。各種ガス設備・配管工事。 製造工場は、ISO9001及び、ISO13485認証取得済み！,https://www.fact-link.com.vn/mem_profile.php?id=00054830&page=00005438&lang=jp,会社名
j,1138,Intech Vietnam Mechanical 株式会社  －  Intech Mechanical,,sales@intech-group.vn,"CNC精密機械加工、CNC板金加工、コンベヤーおよびローラーの製造 ,自動化ソリューション",https://www.fact-link.com.vn/mem_profile.php?id=00054905&page=00005481&lang=jp,会社名
j,1146,"JUKI SMT ASIA CO.,LTD.  VIETNAM OFFICE",,vf.jsa-vietnam@ml.juki.com,SMT&製造工場のスマート化：基板生産装置の販売 、工場自動化ソリューションの提供,https://www.fact-link.com.vn/mem_profile.php?id=00054935&page=00005507&lang=jp,会社名
j,1151,オザックスベトナム,,hidetoshi-yamamoto@ozax.co.jp,,https://www.fact-link.com.vn/mem_profile.php?id=00054947&page=00005515&lang=jp,会社名
j,1152,芝浦機械ベトナム,,yamano.hironori@shibaura-m.com,射出成形機及びダイカストマシン、産業用ロボットなどの芝浦機械グループ製品の輸入販売及びテクニカルコンサルティングサービス,https://www.fact-link.com.vn/mem_profile.php?id=00054950&page=00005516&lang=jp,会社名
j,1156,NDベトナム産業株式会社,,Sales@ndvietnam.com.vn,産業資材（ボルト・ネジ・ワッシャー・ナット、コンポーネント）精密機械加工、環境ソリューション（廃水・排気処理）,https://www.fact-link.com.vn/mem_profile.php?id=00054979&page=00005527&lang=jp,会社名
j,1166,ネオシスベトロイ株式会社,,toshimasa.endo@neosys-vietloi.com.vn,オフィス・作業エリアの総合ソリューション（オフィス家具・事務機等）、印刷後処理機器、梱包関連機器,https://www.fact-link.com.vn/mem_profile.php?id=00055015&page=00005552&lang=jp,会社名
j,1168,アモイディーン・テクノロジー株式会社、,,Sales@bondller.com,極薄片面テープ、高温用テープ、リチウム電池用テープの専門メーカーです。,https://www.fact-link.com.vn/mem_profile.php?id=00055017&page=00005559&lang=jp,会社名
j,1172,ベトナムスペシャリティガス有限責任会社,,satomura-t@koatsugas.co.jp,"We supply Special Gas, Industrial Gas, Medical Gas and more",https://www.fact-link.com.vn/mem_profile.php?id=00055069&page=00005583&lang=jp,会社名
j,1173,"TOWA PLASTICS VN CO.,LTD.",,i.terashima@towa-plastic.com,プラスチック射出成型の事なら、半世紀以上の経験と実績がある当社に全てお任せ下さい！金型製作から射出成型までワンストップ対応！一貫した製作が可能です！,https://www.fact-link.com.vn/mem_profile.php?id=00055077&page=00005588&lang=jp,会社名
j,1174,"Hammer Technology CO.,LTD",,Kimtri@hammertechnology.com.vn,鋳造およびカイ加工銅合金,https://www.fact-link.com.vn/mem_profile.php?id=00055081&page=00005592&lang=jp,会社名
j,1175,NACHI VIETNAM (不二越の販売拠点）,,thanh.dao.rv@nachi.com,マシニング、ロボット、機能部品、材料の輸入販売,https://www.fact-link.com.vn/mem_profile.php?id=00055086&page=00005756&lang=jp,会社名
j,1177,サンホ特殊製鉄株式会社,,info.sanhospecialsteel@gmail.com,信頼を築く会社,https://www.fact-link.com.vn/mem_profile.php?id=00055089&page=00005599&lang=jp,会社名
j,1180,PHUONG NAM FOOD JOINT STOCK COMPANY,,nongsansachphuongnam@gmail.com,100％きれいな米を保証-品質-適正価格,https://www.fact-link.com.vn/mem_profile.php?id=00055102&page=00005601&lang=en,Company Name
j,1184,キヤノンマーケティングベトナム,,anh_tran@canon.com.vn,,https://www.fact-link.com.vn/mem_profile.php?id=00055127&page=00005619&lang=jp,会社名
j,1186,NECベトナム,,soga@nec.vn,20年以上にわたりベトナム国内日系企業様をサポートしてきた豊富な経験で、システム導入やITインフラ改善等トータルITソリューションをご支援します。,https://www.fact-link.com.vn/mem_profile.php?id=00055142&page=00005643&lang=jp,会社名
j,1191,Viego Global,,hello@viegoglobal.com,We make cross-border trade easy,https://www.fact-link.com.vn/mem_profile.php?id=00055178&page=00005668&lang=jp,会社名
j,1195,NIC グローバル ソーシング,,h.shiomi@nikken-ts.jp,,https://www.fact-link.com.vn/mem_profile.php?id=00055192&page=00005677&lang=jp,会社名
j,1197,ブレンデッドアジア,,t.tatsumi@blended-asia.com,Blended Asiaはお客様のDXを推進し、 ビジネスに最高のエクスペリエンスを生み出します,https://www.fact-link.com.vn/mem_profile.php?id=00055214&page=00005688&lang=jp,会社名
j,1202,ディーンテープ 株式會社,,fuller@deantape.com,感圧テープおよび特殊製品の大手メーカー,https://www.fact-link.com.vn/mem_profile.php?id=00055234&page=00005706&lang=jp,会社名
j,1203,QTECH TECHNOLOGY AND COMMERCIAL COMPANY LIMITED,,sales.qtechcompany@gmail.com,,https://www.fact-link.com.vn/mem_profile.php?id=00055242&page=00005709&lang=jp,会社名
j,1207,DDS VIETNAM(ディディエス ベトナム),,yusuke.morioka@ddsvn.com,,https://www.fact-link.com.vn/mem_profile.php?id=00055271&page=00005732&lang=jp,会社名
j,1215,AKANE人材派遣有限会社,,aujobs@akane.vn,,https://www.fact-link.com.vn/mem_profile.php?id=00055319&page=00005758&lang=vn,"C?NG TY TNHH FACT-LINK MARKETPLACE??a ch?: 602/43 ?i?n Bi?n Ph?, Ph??ng 22, Qu?n B?nh Th?nh, Th?nh ph? H? Ch? MinhS?T: 0888 767 138 - Email: info@fact-link.com.vnS? GCN?KDN (MST): 0313 560 828C?p ng?y:  03/12/2015 b?i S? K? Ho?ch v? ??u T? TP. HCM"
j,1217,TOMODA 有限会社,,tomodaindustry@gmail.com,金属プレス板金加工品を一貫生産／溶融亜鉛メッキ金物／土木建築部材／架線金物／各種板金,https://www.fact-link.com.vn/mem_profile.php?id=00055325&page=00005763&lang=jp,会社名
j,1219,TLKホールディングス,,akiyo@tlkjp.com,日本品質の自社設計、自社施工による総合建設会社,https://www.fact-link.com.vn/mem_profile.php?id=00055333&page=00005767&lang=jp,会社名
j,1222,DUO テクノロジー株式会社,,info@duotech.vn,Your trust builds our value,https://www.fact-link.com.vn/mem_profile.php?id=00055350&page=00005775&lang=jp,会社名
j,1223,トーステベトナム,,masashi.yoshida@toste.co.jp,,https://www.fact-link.com.vn/mem_profile.php?id=00055357&page=00005779&lang=jp,会社名
j,1228,Lifefoods Tropical Food Joint Stock Company,,jenny.ngo@lifefoods.vn,,https://www.fact-link.com.vn/mem_profile.php?id=00055432&page=00005827&lang=jp,会社名
j,1232,王子インターパック株式会社,,shimizukhinamei0905@oji-gr.com,,https://www.fact-link.com.vn/mem_profile.php?id=00055470&page=00005842&lang=jp,会社名
j,1234,"KSK SOLUTIONS VIETNAM CO., LTD",,contact@ksksolutions.vn,精密機械部品の切削加工はお任せください！ 小ロット～量産 / 複雑形状 / 設計サポート/ スピード対応,https://www.fact-link.com.vn/mem_profile.php?id=00055507&page=00005881&lang=jp,会社名
j,1236,岩谷ベトナム会社,,gas@iwatani.com.vn,工業用ガス、ガス供給設備、省エネ商材、医薬・化粧品・食品製造ラインの販売,https://www.fact-link.com.vn/mem_profile.php?id=00055522&page=00005883&lang=jp,会社名
j,1240,中部理化ベトナム (EPE企業),,whiro@chuburika.co.jp,金属表面処理加工(硬質アルマイト・ダイキャストアルマイト),https://www.fact-link.com.vn/mem_profile.php?id=00055532&page=00005884&lang=jp,会社名
j,1241,"AQUALIFE TRADING AND SERVICES CO., LTD",,aqualife.hcm@gmail.com,健康な毎日をお手伝いします!,https://www.fact-link.com.vn/mem_profile.php?id=00055542&page=00005890&lang=vn,"133 Nguy?n Th? Th?i, Ph??ng T?n Th?i Hi?p, TP. HCM, VN : Mr. Ngh?a"
j,1244,ヤマトインターナショナルベトナム,,info@yamatodenki.co.jp,電気設備資材・電子部品の商社です,https://www.fact-link.com.vn/mem_profile.php?id=00055563&page=00005909&lang=jp,会社名
j,1248,C?NG TY TNHH K? THU?T L?NH V? THI?T B? C?NG NGH? ICETECH,,hotro.icetech@gmail.com,,https://www.fact-link.com.vn/mem_profile.php?id=00055617&page=00005923&lang=jp,会社名
j,1250,ルービックトップ社,,youngok.chung@rubiktop.vn,市場調査業界世界シェアNo.1企業認定パートナー,https://www.fact-link.com.vn/mem_profile.php?id=00055644&page=00005943&lang=jp,会社名
j,1251,パシフィック・ペトロリアム輸出入貿易株式会社 (パシフィック・ペトロ),,koike-kei@awi.co.jp,,https://www.fact-link.com.vn/mem_profile.php?id=00055653&page=00005947&lang=jp,会社名
j,1252,ポートリッチベトナム,,takashi_miyajima@portrich.com,,https://www.fact-link.com.vn/mem_profile.php?id=00055655&page=00005945&lang=jp,会社名
j,1255,インディビジュアルシステムズ株式会社,,info@indivisys.jp,,https://www.fact-link.com.vn/mem_profile.php?id=00055683&page=00005958&lang=jp,会社名
j,1256,ベトナムウチダ株式会社,,eng@uchidavn.com,,https://www.fact-link.com.vn/mem_profile.php?id=00055693&page=00005962&lang=jp,会社名
j,1258,IMVテクノベトナム,,info@imv-vn.com,受託環境試験（振動、衝撃、温湿度、熱衝撃、耐水、塩水、ガス腐食試験）,https://www.fact-link.com.vn/mem_profile.php?id=00055721&page=00005969&lang=jp,会社名
j,1261,"NTD ENGINEERING VIETNAM CO., LTD",,info.ntdvn@gmail.com,,https://www.fact-link.com.vn/mem_profile.php?id=00055755&page=00005980&lang=jp,会社名
j,1267,"NEO NAGASHIMA DEVELOPMENT CO.,LTD.",,s_n@vietnamnagashima.com,ベトナム⇔日本　ITとものづくりの架け橋となります。,https://www.fact-link.com.vn/mem_profile.php?id=00055792&page=00006012&lang=jp,会社名
j,1268,PCS Joint Stock Company,,datnt@pcs.vn,国際輸送、国内輸送事業、倉庫業、フォワーディング事業、通関業,https://www.fact-link.com.vn/mem_profile.php?id=00055793&page=00006132&lang=jp,会社名
j,1269,Vina Recycler,,info.vinarecycler@gmail.com,,https://www.fact-link.com.vn/mem_profile.php?id=00055797&page=00006016&lang=jp,会社名
j,1270,有限会社 CTI ベトナム (CTI ベトナム),,sales@ctivn.com,ベトナム大手機械加工メーカー！精密機械加工、自動化装置（FA）／産業用機械の設計・製作・組立（日本人駐在員在中）,https://www.fact-link.com.vn/mem_profile.php?id=00055828&page=00006030&lang=jp,会社名
j,1271,Sevit Special Steel,,sales@sevit.vn,Fast-Friendly-Flexible,https://www.fact-link.com.vn/mem_profile.php?id=00055844&page=00006039&lang=jp,会社名
j,1275,SOWELL ベトナム,,thao-btp@sowell.com.vn,【革新的なLED照明ソリューションで新たなコストダウン戦略】,https://www.fact-link.com.vn/mem_profile.php?id=00055870&page=00006058&lang=jp,会社名
j,1277,LXT ベトナム メカニカル カンパニー リミテッド (LXT VIET NAM MECHANICAL COMPANY LIMITED),,xuan.lx8377@gmail.com,精密機械製品の製造・加工を専門に行っております,https://www.fact-link.com.vn/mem_profile.php?id=00055874&page=00006053&lang=jp,会社名
j,1283,スマイルパッケージ　ベトナム(ホーチミン),,ngoc.nguyenhuynhbao@gmail.com,エコバッグ、トートバッグ、ポーチ、保冷バッグ,https://www.fact-link.com.vn/mem_profile.php?id=00055904&page=00006073&lang=jp,会社名
j,1284,Viet Son　株式会社,,phong.vuong@vietsonvn.com,販売部門 空気圧縮機と周辺機器 保全部門 空気圧縮機の点検、修理、改造,https://www.fact-link.com.vn/mem_profile.php?id=00055906&page=00006072&lang=jp,会社名
j,1287,Tecdia.Co.Ltd,,sales@tecdia.vn,精密機械加工技術を得意としディスペンサーノズル他、セラミックコンデンサ・ダイヤモンドニードル・スクライバーなどを製造・販売しています。,https://www.fact-link.com.vn/mem_profile.php?id=00055923&page=00006080&lang=jp,会社名
j,1288,Phuc Binh Technology Joint Stock Company,,kashiwakura.yuji@phucbinh.com.vn,,https://www.fact-link.com.vn/mem_profile.php?id=00055924&page=00006079&lang=jp,会社名
j,1289,"TSUBACO VIETNAM CO.,LTD",,ryo.nakano@tsubaki.com.vn,椿本チエインなどを取扱う機械部品・マテハン商社,https://www.fact-link.com.vn/mem_profile.php?id=00055940&page=00006089&lang=jp,会社名
j,1298,"SEIWA ELECTRIC VIET NAM CO.,LTD.",,ngocluong@seiwa.vn,,https://www.fact-link.com.vn/mem_profile.php?id=00055998&page=00006124&lang=jp,会社名
j,1300,セーフィーベトナム,,s-koshikawa@safie.jp,,https://www.fact-link.com.vn/mem_profile.php?id=00056007&page=00006131&lang=jp,会社名
j,1307,ハソンテクノロジー＆トレーディング株式会社,,quang-ha@hason.vn,,https://www.fact-link.com.vn/mem_profile.php?id=00056066&page=00006168&lang=jp,会社名
j,1312,美高工業器材有限公司,,Ethan_wong@melco.com.hk,,https://www.fact-link.com.vn/mem_profile.php?id=00056096&page=00006189&lang=jp,会社名
j,1314,福岡テープ株式会社,,nam@fukuokatape.com,,https://www.fact-link.com.vn/mem_profile.php?id=00056103&page=00006190&lang=jp,会社名
j,1315,"TAN PHAT MANUFACTURING CO., LTD",,kimtri@tanphatco.com.vn,銅の鋳造およびプレス機械。青銅/真鍮のバルブと圧力を専門としています,https://www.fact-link.com.vn/mem_profile.php?id=00056106&page=00006207&lang=vn,"194/6 L? Quang ??nh, Ph??ng 14, Qu?n B?nh Th?nh, TP.HCM"
j,1320,"ACT KUSANAGI VIET NAM CO., LTD",,tu-act@kusanagi-ss.co.jp,,https://www.fact-link.com.vn/mem_profile.php?id=00056124&page=00006215&lang=vn,C?p ng?y:  03/12/2015 b?i S? K? Ho?ch v? ??u T? TP. HCM
j,1330,KMC CONSULTING COMPANY LIMITED,,info@kmc.vn,,https://www.fact-link.com.vn/mem_profile.php?id=00056161&page=00006240&lang=jp,会社名
j,1333,"ADVAN ENG. CO., LTD (ベトナム駐在員事務所)",,sales@adv-eng.cn,工業炉及び関連設備の設計・製作、 廃棄物処理施設の設計・製作、関連機器材の販売,https://www.fact-link.com.vn/mem_profile.php?id=00056177&page=00006249&lang=jp,会社名
j,1334,レーザーペンタベトナム株式会社,,sales@pentalaser.com.vn,,https://www.fact-link.com.vn/mem_profile.php?id=00056189&page=00006258&lang=jp,会社名
j,1339,"ISB Vietnam CO., LTD.",,bd@vn.isb.co.jp,,https://www.fact-link.com.vn/mem_profile.php?id=00056219&page=00006279&lang=jp,会社名
j,1347,オタスケ（営業代行）,,rkato@otasukevn.com,,https://www.fact-link.com.vn/mem_profile.php?id=00056301&page=00006326&lang=jp,会社名
j,1348,ベト・チン・タイ輸出入貿易サービス会社,,service@sub.vctarzan.com,VIET CHINH THAI | WAREHOUSE EXPERT,https://www.fact-link.com.vn/mem_profile.php?id=00056305&page=00006328&lang=jp,会社名
j,1350,第一セントラル設備ベトナム,,furukawa@dcentral.com.vn,,https://www.fact-link.com.vn/mem_profile.php?id=00056319&page=00006333&lang=jp,会社名
j,1351,"KB ENTERPRISE (VN) CO., LTD.",,m.shioya@kbvn.com.vn,,https://www.fact-link.com.vn/mem_profile.php?id=00056321&page=00006334&lang=jp,会社名
j,1355,"ATV Fire Pro Co., Ltd. (ANTEC Vietnam)",,info@antec-vn.net,我が社は炎を味方として文化を構築、炎を敵として文化を保守し、人類の豊かな暮らしと繁栄を電子技術で見つめます,https://www.fact-link.com.vn/mem_profile.php?id=00056355&page=00006379&lang=vn,"C?NG TY TNHH FACT-LINK MARKETPLACE??a ch?: 602/43 ?i?n Bi?n Ph?, Ph??ng 22, Qu?n B?nh Th?nh, Th?nh ph? H? Ch? MinhS?T: 0888 767 138 - Email: info@fact-link.com.vnS? GCN?KDN (MST): 0313 560 828C?p ng?y:  03/12/2015 b?i S? K? Ho?ch v? ??u T? TP. HCM"
j,1358,日昌プレシジョンベトナム,,linh.vuthuy@nitto.com,,https://www.fact-link.com.vn/mem_profile.php?id=00056365&page=00006377&lang=jp,会社名
j,1360,ヨシダ検品株式会社,,yoshio.amemiya@hqts.com,,https://www.fact-link.com.vn/mem_profile.php?id=00056391&page=00006388&lang=jp,会社名
j,1362,"HINODE CASTING TRADING VIETNAM CO.,LTD.",,t-ichikawa@hinode-trading.vn,鋳鉄・鋳鋼・アルミダイカストなどの鋳物製品、各種金属加工品、樹脂製品・化成品の販売,https://www.fact-link.com.vn/mem_profile.php?id=00056403&page=00006391&lang=jp,会社名
j,1363,サブロクギジュツカブシキガイシャ,,admin@saburoku-36.com,,https://www.fact-link.com.vn/mem_profile.php?id=00056408&page=00006395&lang=jp,会社名
j,1365,東和電気ベトナム株式会社,,saleshcm@towadenki.vn,電機・電子分野における原材料・化学品の信頼のパートナー,https://www.fact-link.com.vn/mem_profile.php?id=00056423&page=00006411&lang=jp,会社名
j,1368,TAN HOANG VIET - タン ホアン ヴィエト ホーチミン商事技術有限会社,,ngandh.tanhoangviet@outlook.com,,https://www.fact-link.com.vn/mem_profile.php?id=00056437&page=00006418&lang=jp,会社名
j,1374,ProVision VN,,sales@pro-vision.vn,ITとIDEAで世界をより良くする,https://www.fact-link.com.vn/mem_profile.php?id=00056460&page=00006429&lang=jp,会社名
j,1375,ジョブフルパートナー（旧タンスイ ベトナム）,,contact@jobfull.vn,,https://www.fact-link.com.vn/mem_profile.php?id=00056472&page=00006435&lang=jp,会社名
j,1376,PROPEL,,juneed@propel.vn,クラウド型勤怠・給与・ワークフローシステム,https://www.fact-link.com.vn/mem_profile.php?id=00056473&page=00006437&lang=jp,会社名
j,1378,THV ファスナー ベトナム - THIEN HUONG VIET COMPANY LIMITED,,info@thvfasteners.com,,https://www.fact-link.com.vn/mem_profile.php?id=00056493&page=00006442&lang=jp,会社名
j,1382,ベトナムキャムコム,,info_scv@sougo-career-vietnam.com,ベトナムにおける人材採用・BPO・WEB分野の総合支援サービスをしている会社です。,https://www.fact-link.com.vn/mem_profile.php?id=00056513&page=00006458&lang=jp,会社名
j,1383,TAC 精密株式会社,,tan@tac-seimitsu.com,ベトナム人経営・精密プラスチック金型部品加工,https://www.fact-link.com.vn/mem_profile.php?id=00056514&page=00006459&lang=jp,会社名
j,1391,シンガポール共和国ニッタ株式会社 ホーチミン市駐在員事務所,,congthanh@nitta.com.sg,140年にわたる日本のベルト技術の継承と革新,https://www.fact-link.com.vn/mem_profile.php?id=00056530&page=00006470&lang=jp,会社名
j,1392,C?NG TY TNHH K? THU?T LONG NHI,,thanh.dn@longnhico.com,,https://www.fact-link.com.vn/mem_profile.php?id=00056531&page=00006472&lang=jp,会社名
j,1395,リアル　ゲイン有限会社,,cs@real-gain.com.vn,日系企業様向けの「営業支援」および「各種資材・測定機器の販売」を展開する総合商社,https://www.fact-link.com.vn/mem_profile.php?id=00056540&page=00006478&lang=jp,会社名
j,1399,吉本ベトナム有限会,,info@yoshimoto.vn,「Win（お客様）-Win（提携工場）-Win（吉本）」の関係,https://www.fact-link.com.vn/mem_profile.php?id=00056574&page=00006490&lang=jp,会社名
j,1400,SETA Vietnam,,masui@seta.com,,https://www.fact-link.com.vn/mem_profile.php?id=00056579&page=00006493&lang=jp,会社名
jo,j41,"QUEST VIET NAM CO., LTD",,admin@questvn.com,害虫獣防除・衛生環境コンサルティング・衛生環境研修会・捕虫器販売・レンタル・シロアリ防除,http://www.questvn.com,
jo,j15,エコプラント有限会社,,ashida@create-links.com,ベトナム仕入、ベトナム調達、営業代行、ベトナム国内販売、輸出入、物流などをワンストップで行う貿易商社。,https://ecoplant.vn/jp/,
jo,j27,ビービーマックス,,bbinfotv@bbmax.net,ベトナムでの業界シェアNo１、日本人向けTV放送提供サービス、安心の日本語対応,https://bbmax.vn/,
jo,j6,有限会社クリエイティブクルー,,ccvn@gpl.jp,AI開発・WordPress開発・Kusanagiを利用した企業向けWordPress高速化サービス・ブランディング,https://ccvn.gpl.jp/,
jo,j7,オルグローラボ株式会社,,contact@allgrow-labo.jp,ソフトウェア開発、Web開発、モバイルアプリ開発、WEB制作、ECサイト構築、業務系システム開発各種運用保守、QA（品質保証）等,https://allgrow-labo.jp/,
jo,j20,インテージベトナム,,contact@intage.com.vn,ベトナム初の個人購買パネルを保有するマーケティングリサーチ会社、社員120名規模で全国に調査員網を自社保有し、あらゆる調査手法に対応,https://intage.com.vn/,
jo,j34,"SHIFT ASIA CO., LTD.",,contact@shiftasia.com,ソフトウェアテスト・品質保証、ソフトウェア開発,https://shiftasia.com/ja/,
jo,j33,株式会社yet,,contact@ye-t.net,ラボ型オフショア開発にて対応。アプリ開発、ECサイト構築、CRMシステム開発、CMS開発、LINE連携アプリ開発,https://ye-t.net/,
jo,j18,"HARO VN Co., Ltd",,contact-vn@haro-inc.com,自社製品開発・導入（人事・労務システム、文章管理システム）、システムインテグレーションのコンサルティング、オフショア,https://haro-inc.com/,
jo,j26,ポートリッチベトナム,,hcm.docs@portrich.com,・フォワーディング業務（海上・航空・通関・トラック）、・貿易プラットフォーム「Portrich」を提供、運営（貿易管理システム）,https://portrich.com/,
jo,j8,"HISAKAWORKS VIETNAM CO.,LTD",,info.hisakavn@hisaka-asia.com,熱交換器販売 :-プレート式熱交換器 -スパイラル式熱交換器‐メンテナンスサービス,https://hisaka-asia.com/our-profile-vietnam,
jo,j31,POINTS Creative,,info.pcvn@points-global.com,【マーケティング支援・デザイン制作】グループ各拠点と連携し、ベトナムだけでなく東南アジア全域まで幅広くサポート,https://pointsvn.com/ja/,
jo,j43,"QUICK VIETNAM CO.,LTD.",,info@919vn.com,ベトナムでの人材紹介（日本人・ベトナム人）、人事・労務コンサルティング。2012年設立より日本人紹介はトップクラスの実績。,https://919vn.com,
jo,j30,AMANO VIETNAM COMPANY LIMITED,,info@amanovietnam.com.vn,産業用集塵機・床洗浄機・ミストコレクター販売・施工・保守サービス,https://amanovietnam.com.vn,
jo,j42,"ASA ASIA Co,Ltd.",,info@asaasia.com,現地インフルエンサーが持つ“生活者目線のリアルな声”の収集・活用をスピーディーかつ実践的に行えるスポットインタビューサービス,https://asaasia.com/,
jo,j29,ホーチミン鈴木不動産,,info@asia-prop.com,ホーチミンの不動産売買、賃貸なら鈴木不動産。サービスアパート、マンション、オフィス、店舗と宅建士がご案内。手数料無料。,https://asia-prop.com/,
jo,j23,ドラゴンハウジング,,info@dragonsaigon.com,ホーチミンのサービスアパート、マンション等不動産賃貸ならドラゴンハウジング。手数料無料。事務所・店舗もご紹介。,https://dragonsaigon.com/,
jo,j16,DESIGN AND CREATIVE ASSOCIATES COMPANY LIMITED,,info@dreamcomesasia.com,ベトナム全土で内装デザイン・設計・内装工事。家具デザイン・生産。,http://dreamcomesasia.com/,
jo,j32,イシセイベトナム,,info@ishisei.vn,金属・アルミ・ステンレス・樹脂等の切削加工、単品～量産品までご対応いたします,www.ishisei.vn,
jo,j4,株式会社NC1,,info@nc-1.net,デザイン設計施工事業部・グラフィック事業部・家具事業部・3D CG事業部,https://www.nc-1.net/,
jo,j40,SCJ VIETNAM,,info@star-kitchen.jp,ベトナム観光土産,https://www.starkitchen-vietnam-gift.com/,
jo,j46,"T&T Enviro vision Co.,Ltd",,info@ttev.vn,光触媒コーティング、新築住宅やオフィス内のホルムアルデヒドの測定サービスを実施しております。,https://ttev.vn/,
jo,j1,ユニカビーパン,,info@unika-viepan.com,レンタル工場、レンタルオフィス、マネジメントサービス、コンサルティングサービス,https://www.unika-viepan.com/,
jo,j12,動画制作会社ビネプロ,,info@vinect-production.com,動画制作・動画広告・SNS運営支援・キャスティング・動画マーケティング・動画編集・ドローン撮影・映像制作,https://vinect-production.com/ja/,
jo,j49,パソナベトナム,,inquiry@pasona.vn,・人材紹介、・人材派遣サービス、・人事コンサルティング、・採用代行サービス、・ITソリューション、・BPOソリューション,https://pasona.vn/,
jo,j11,石井メディカルクリニック,,ishiichamcuu@gmail.com,医療部門（鍼灸、美容・疲労回復注射、酸素カプセル）スパ部門（フェイシャルエステ）,https://poste-vn.com/ishii-medical,
jo,j5,IT Viec Joint Stock Company,,itviec-jp-inquiries@itviec.com,ベトナムでITエンジニアやテスター、デザイナー、プロダクトオーナーまで幅広いIT人材の採用を支援します | ITviec.com,https://itviec.com/,
jo,j48,METATRON TECHNOLOGY (VIETNAM) COMPANY LIMITED,,james_jin@metatronsz.com,弊社は主に電子部品、半導体を取り扱う商社です。ベトナム法人が持っており、ベトナムトンとUS$での取引可です。,http://www.metatronsz.com/,
jo,j25,"KOJI FOOD VIETNAM CO., LTD",,kojiya.viet@gmail.com,米糀の製造と米糀から製造される、味噌・甘酒・塩麹の製造米粉の製造、団子、餅の製造,,
jo,j35,吉田検品株式会社 ベトナムオフィス,,market16@hqtsgroup.com,工場監査、工程管理、商品検品、パッケージ＆包装資材検査、新規工場開拓における情報収集など,https://www.hqts.jp,
jo,j45,"SEIKO KDS CO.,LTD",,mukai@seikokds.com,建築に関わる、工場の建設・内装を得意とし機械・電気・冷凍・防火・工場・企業・レストラン・事務所・店舗・住宅・施工しております。,http://www.seikokds.com/,
jo,j9,ACSD,,nguyen.thithaitrinh87@gmail.com,建設サービス,,
jo,j17,日本和装トレーディング株式会社,,nguyen@wasou.com,着物・浴衣の仕立販売（生地持ち込み可）、仕立て直し、アイロン、レンタル浴衣など,https://kimono-ntc.com/vi/,
jo,j44,TLKホールディングス,,sales@tlkjp.com,ベトナム工場の新築・増築・改築、事務所・店舗内装、電気設備のメンテナンスならTLK Holdingsにお任せください！,https://tlkjp.com/,
jo,j10,ユニマックスサイゴン,,sales@unimaxsg.com,オフィスユニフォーム／サービスユニフォーム／作業服／帽子／ T シャツ／ポロシャツ／防塵服／白衣／粘着マット／セーフティーシューズ／マスク／タオル／ハンカチ等,https://unimax.uniform.co.jp/,
jo,j38,トロピカルグループ,,taiki.kimura@sekai-hub.com,オフショア開発専門の比較・見積もりサービス,https://sekai-hub.com/,
jo,j55,ベトナムウェブコンサルティング,,takabayashi@vnweb-consulting.com,ウェブ集客コンサルティング・施策実行支援サービス（SEO対策/広告&SNS運用/動画制作/KOLマーケ等）,https://vnweb-consulting.com/,
jo,j47,ゴーゴーエンタテインメント,,umezawa@gge-vn.com,１．ポケモン・マスターライセンシー ２．ホビー商品ディストリビューター：バンダイグループ（ガンプラ、バンプレスト、ガシャポン、食玩,gohobby.vn,
jo,j51,クラウンライン　ベトナム,,vietnam@crownline.jp,海外・国内引越及びレンタカー事業を行っております。日本人らしい丁寧で安心いただけるサービスをご提供いたします。,https://www.crownline.jp/vn/,
